Jogador,Equipe,perfil,k3_upfront,k2_passo3,score_con,score_def,gap_con_def
A. Franco,Tigres UANL,Combativo,Híbrido,Construtor,0.5090610454392832,0.4465671830002115,0.0624938624390716
A. Frías,Santos,Posicional,Defensivo,Misto def.,0.1599266837969183,0.2640786232924845,0.1041519394955662
A. Saldivia,Vasco da Gama,Híbrido,Híbrido,Construtor,0.517070968739947,0.4690153055594963,0.0480556631804506
Alexander Barboza,Palmeiras,Construtor,Híbrido,Construtor,0.8447194230143067,0.6139652143594695,0.2307542086548372
Alix,Red Bull Bragantino,Híbrido,Híbrido,Construtor,0.4426065861521387,0.5808967645811234,0.1382901784289846
André Ramalho,Corinthians,Construtor,Construtor,Construtor,0.6341160502812525,0.351223971879384,0.2828920784018685
Arthur Dias,Athletico Paranaense,Construtor,Construtor,Construtor,0.5335988808614043,0.1887898192867882,0.344809061574616
Bastos,Botafogo,Combativo,Defensivo,Combativo,0.2941283043836806,0.178671803887829,0.1154565004958516
Bruno Fuchs,Palmeiras,Construtor,Construtor,Construtor,0.5449741835155717,0.2003874324881009,0.3445867510274707
Bruno Gomes,Internacional,Construtor,Construtor,Construtor,0.5708627510234638,0.3553399362482052,0.2155228147752586
Bruno Leonardo,Chapecoense,Posicional,Defensivo,Posicional,0.2146399825472702,0.4166048510932827,0.2019648685460125
C. Cuesta,Vasco da Gama,Construtor,Construtor,Construtor,0.4653197386901944,0.241821770233337,0.2234979684568573
C. Terán,Athletico Paranaense,Combativo,Construtor,Misto def.,0.4035856490194906,0.2534622955586657,0.1501233534608249
Cacá,Vitória,Híbrido,Defensivo,Posicional,0.1585621818726566,0.3446156929919843,0.1860535111193277
Camutanga,Vitória,Posicional,Defensivo,Posicional,0.1563036685121299,0.2963868179789565,0.1400831494668266
D. Tchamba,Remo,Posicional,Híbrido,Construtor,0.4819540286189304,0.5444677355643873,0.0625137069454568
David Duarte,Bahia,Posicional,Híbrido,Construtor,0.4946507430562463,0.4838159888597866,0.0108347541964596
Eduardo Doma,Chapecoense,Construtor,Construtor,Construtor,0.5058976833117619,0.3799112208381651,0.1259864624735967
F. Balbuena,Grêmio,Construtor,Construtor,Construtor,0.4845083069523123,0.1529662652830329,0.3315420416692793
F. Torres,Internacional,Posicional,Híbrido,Posicional,0.3527797750545343,0.5675928298169622,0.2148130547624279
Fabricio Bruno,Cruzeiro,Construtor,Construtor,Construtor,0.5247294537277282,0.2379772297541939,0.2867522239735341
G. Gómez,Palmeiras,Posicional,Defensivo,Posicional,0.2441334198374262,0.4484172037151925,0.2042837838777662
Gabriel Justino,Botafogo,Posicional,Defensivo,Posicional,0.1019213148336067,0.3720212480887753,0.2700999332551685
Gabriel Mercado,Internacional,Construtor,Defensivo,Misto def.,0.3451697575085257,0.3129202664974649,0.0322494910110608
Gabriel Paulista,Corinthians,Posicional,Defensivo,Posicional,0.3067394521800108,0.2635648776498648,0.043174574530146
Gabriel Xavier,Shenzhen Peng City,Posicional,Híbrido,Híbrido,0.3694121613184512,0.4867182976685118,0.1173061363500606
Gustavo Henrique,Corinthians,Posicional,Defensivo,Posicional,0.1981559678727206,0.2700809801656115,0.0719250122928908
Gustavo Marques,Red Bull Bragantino,Híbrido,Defensivo,Posicional,0.3951149526607431,0.3802786794264362,0.0148362732343069
Gustavo Martins,Grêmio,Híbrido,Híbrido,Híbrido,0.3570415552251532,0.4478989174805032,0.09085736225535
I. Román,Atlético Mineiro,Combativo,Híbrido,Combativo,0.1974975248248641,0.58966598887155,0.3921684640466858
Ignácio,Fluminense,Posicional,Defensivo,Posicional,0.2206261701159034,0.4116201279505908,0.1909939578346874
J. Aguirre,Athletico Paranaense,Posicional,Defensivo,Posicional,0.0882936931974312,0.531035417323935,0.4427417241265037
J. Freytes,Fluminense,Construtor,Construtor,Construtor,0.6602591966188444,0.2666793709139082,0.3935798257049361
Jacy,Coritiba,Posicional,Híbrido,Posicional,0.2085810985909642,0.736170027057694,0.5275889284667298
Jemmes,Fluminense,Posicional,Defensivo,Misto def.,0.2578456661097655,0.3369592666543859,0.0791136005446203
Jonathan,Cruzeiro,Posicional,Defensivo,Posicional,0.2104996362704286,0.3958387943951684,0.1853391581247397
João Marcelo,Cruzeiro,Construtor,Construtor,Construtor,0.5033588387329677,0.2922402222584527,0.2111186164745149
João Paulo,Chapecoense,Posicional,Híbrido,Construtor,0.5176543772115738,0.4961661169727095,0.0214882602388642
João Victor,Mirassol,Posicional,Defensivo,Posicional,0.2202646792357094,0.4097114559608446,0.1894467767251351
Júnior Alonso,Atlanta United,Posicional,Híbrido,Posicional,0.250838516880602,0.5312728691154338,0.2804343522348318
Kayky Almeida,Remo,Híbrido,Construtor,Construtor,0.476662044302419,0.3549487160123155,0.1217133282901035
L. Esquivel,Athletico Paranaense,Híbrido,Construtor,Construtor,0.7512399795028278,0.318472328385029,0.4327676511177988
L. Villalba,Cruzeiro,Construtor,Construtor,Construtor,0.8639275588364463,0.3065698367763019,0.5573577220601444
Luan Cândido,Vitória,Posicional,Defensivo,Posicional,0.1644506574565135,0.3876063951298503,0.2231557376733367
Luan Peres,Santos,Posicional,Defensivo,Posicional,0.3784958017700087,0.370200682406288,0.0082951193637207
Lucas Oliveira,Mirassol,Híbrido,Defensivo,Posicional,0.2759160223455847,0.3022702960348397,0.0263542736892549
Lucas Veríssimo,Santos,Posicional,Híbrido,Posicional,0.1100668394118951,0.5781900776535349,0.4681232382416398
Lyanco,Atlético Mineiro,Híbrido,Híbrido,Posicional,0.3758951143470148,0.4522868703722132,0.0763917560251983
Léo Ortiz,Flamengo,Construtor,Construtor,Construtor,0.7268197240054464,0.242205438500033,0.4846142855054133
Léo Pereira,Flamengo,Construtor,Construtor,Construtor,0.717995813594207,0.2247228415542751,0.4932729720399319
Maicon,Coritiba,Posicional,Defensivo,Posicional,0.1275264989076786,0.278448750243204,0.1509222513355254
Marllon,Remo,Combativo,Defensivo,Misto def.,0.1341091585326665,0.2408167231182244,0.1067075645855578
Murilo,Palmeiras,Híbrido,Híbrido,Construtor,0.4560828217390984,0.4969650494395192,0.0408822277004207
N. Ferraresi,Botafogo,Híbrido,Híbrido,Construtor,0.4405085725126108,0.6280646702647918,0.187556097752181
Newton,São Paulo,Combativo,Defensivo,Misto def.,0.0851755360856939,0.1582321051855208,0.0730565690998268
Pedro Henrique,Red Bull Bragantino,Construtor,Híbrido,Construtor,0.5815223497734284,0.5011688613253775,0.0803534884480509
R. Arboleda,São Paulo,Posicional,Híbrido,Posicional,0.2981007279459692,0.4856722675928533,0.1875715396468841
Rafael Tolói,São Paulo,Construtor,Construtor,Construtor,0.4812659823227615,0.3745089984889003,0.1067569838338611
Robert Renan,Vasco da Gama,Construtor,Construtor,Construtor,0.7160089445306697,0.3014647526541879,0.4145441918764818
Ruan Tressoldi,Atlético Mineiro,Posicional,Híbrido,Posicional,0.3284241869722174,0.5002400161673308,0.1718158291951134
S. Ramos Mingo,Bahia,Construtor,Construtor,Construtor,0.5120843908706103,0.2937149736257474,0.2183694172448628
Sabino,São Paulo,Híbrido,Híbrido,Construtor,0.5598232510456198,0.5119300410041342,0.0478932100414856
Tiago Cóser,Coritiba,Híbrido,Defensivo,Posicional,0.1395449125734242,0.516880345047355,0.3773354324739308
Victor Caetano,Chapecoense,Combativo,Híbrido,Híbrido,0.383598648663823,0.4362862473935707,0.0526875987297477
Victor Gabriel,Internacional,Híbrido,Híbrido,Construtor,0.6080414051173567,0.6331056920438711,0.0250642869265144
Viery,Fiorentina,Construtor,Híbrido,Construtor,0.7990675883473708,0.4998978013888566,0.2991697869585142
Vitor Hugo,Atlético Mineiro,Posicional,Defensivo,Posicional,0.1157193740473791,0.3388260146282348,0.2231066405808557
Vitão,Flamengo,Híbrido,Construtor,Construtor,0.4150103856614602,0.2592715008209532,0.155738884840507
Wagner Leonardo,Grêmio,Combativo,Defensivo,Combativo,0.3238089699904515,0.2602060628902585,0.0636029071001929
Willian Machado,Mirassol,Híbrido,Híbrido,Construtor,0.5111042564519523,0.477129814115689,0.0339744423362632
Zé Ivaldo,Remo,Posicional,Defensivo,Híbrido,0.3709996077893021,0.387461049130853,0.0164614413415509
