rank,player_id,Jogador,Equipe,minutes,vol,eff,won_p90,n_duels,eff_expected,resid_eff_raw,resid_eff,conf,score_A,score_B,score_final
1,viery-fiorentina-138,Viery,Fiorentina,1323,6.73,69.70,4.69,98.93,66.70,3.00,3.00,1.00,82.39,99.30,87.46
2,gabriel-mercado-internacional-159,Gabriel Mercado,Internacional,1263,4.49,71.43,3.21,63.01,66.21,5.22,5.00,0.79,83.83,86.62,84.67
3,j-nior-alonso-atlanta-united-214,Júnior Alonso,Atlanta United,1013,4.89,72.73,3.56,55.04,66.38,6.35,5.00,0.69,79.55,93.66,83.79
4,jemmes-fluminense-103,Jemmes,Fluminense,1436,4.26,72.06,3.07,67.97,66.09,5.97,5.00,0.85,86.50,75.35,83.15
5,f-torres-internacional-123,F. Torres,Internacional,1371,4.20,75.00,3.15,63.98,66.06,8.94,5.00,0.80,84.36,78.17,82.50
6,a-fr-as-santos-253,A. Frías,Santos,863,4.48,76.74,3.44,42.96,66.20,10.54,5.00,0.54,73.07,90.85,78.40
7,ruan-tressoldi-atl-tico-mineiro-38,Ruan Tressoldi,Atlético Mineiro,1778,4.61,68.13,3.14,91.07,66.26,1.87,1.87,1.00,78.17,76.76,77.75
8,ign-cio-fluminense-238,Ignácio,Fluminense,920,4.11,78.57,3.23,42.01,66.01,12.56,5.00,0.53,72.56,88.03,77.20
9,pedro-henrique-red-bull-bragantino-184,Pedro Henrique,Red Bull Bragantino,1135,4.04,72.55,2.93,50.95,65.96,6.59,5.00,0.64,77.36,73.94,76.33
10,sabino-s-o-paulo-97,Sabino,São Paulo,1452,4.71,67.11,3.16,75.99,66.31,0.80,0.80,0.95,71.41,79.58,73.86
11,marllon-remo-5,Marllon,Remo,2138,4.04,67.71,2.74,95.97,65.96,1.75,1.75,1.00,76.76,57.04,70.85
12,z-ivaldo-remo-296,Zé Ivaldo,Remo,706,4.72,67.57,3.19,37.03,66.31,1.26,1.26,0.46,61.73,85.21,68.78
13,gabriel-justino-botafogo-279,Gabriel Justino,Botafogo,774,3.84,72.73,2.79,33.02,65.84,6.89,5.00,0.41,67.73,65.49,67.06
14,gustavo-henrique-corinthians-29,Gustavo Henrique,Corinthians,1863,3.57,67.57,2.41,73.90,65.66,1.91,1.91,0.92,78.62,38.73,66.66
15,j-freytes-fluminense-39,J. Freytes,Fluminense,1776,4.16,65.85,2.74,82.09,66.03,-0.18,-0.18,1.00,66.90,58.45,64.37
16,g-g-mez-palmeiras-27,G. Gómez,Palmeiras,1875,4.42,65.22,2.88,92.08,66.17,-0.95,-0.95,1.00,59.86,69.72,62.82
17,eduardo-doma-chapecoense-31,Eduardo Doma,Chapecoense,1832,3.05,69.35,2.12,62.08,65.26,4.09,4.09,0.78,76.23,30.28,62.45
18,victor-gabriel-internacional-124,Victor Gabriel,Internacional,1364,4.95,64.00,3.17,75.02,66.41,-2.41,-2.41,0.94,52.64,80.99,61.14
19,jonathan-cruzeiro-145,Jonathan,Cruzeiro,1312,4.32,65.08,2.81,62.98,66.12,-1.04,-1.04,0.79,56.65,66.90,59.73
20,robert-renan-vasco-da-gama-8,Robert Renan,Vasco da Gama,2128,4.53,64.49,2.92,107.11,66.23,-1.74,-1.74,1.00,54.23,71.13,59.30
21,gabriel-xavier-shenzhen-peng-city-360,Gabriel Xavier,Shenzhen Peng City,500,3.60,75.00,2.70,20.00,65.68,9.32,5.00,0.25,60.74,54.23,58.79
22,f-balbuena-gr-mio-306,F. Balbuena,Grêmio,676,3.59,70.37,2.53,26.96,65.67,4.70,4.70,0.34,61.87,44.37,56.62
23,bruno-fuchs-palmeiras-336,Bruno Fuchs,Palmeiras,598,4.06,66.67,2.71,26.98,65.98,0.69,0.69,0.34,56.65,55.63,56.34
24,david-duarte-bahia-87,David Duarte,Bahia,1534,3.58,65.57,2.35,61.02,65.66,-0.09,-0.09,0.76,63.97,37.32,55.97
25,camutanga-vit-ria-301,Camutanga,Vitória,696,3.23,72.00,2.33,24.98,65.40,6.60,5.00,0.31,63.41,35.92,55.16
26,rafael-tol-i-s-o-paulo-348,Rafael Tolói,São Paulo,537,4.53,62.96,2.85,27.03,66.23,-3.27,-3.27,0.34,49.05,68.31,54.83
27,newton-s-o-paulo-370,Newton,São Paulo,472,4.00,66.67,2.67,20.98,65.94,0.73,0.73,0.26,55.54,52.82,54.72
28,r-arboleda-s-o-paulo-304,R. Arboleda,São Paulo,685,4.34,63.64,2.76,33.03,66.13,-2.49,-2.49,0.41,50.58,62.68,54.21
29,c-ter-n-athletico-paranaense-186,C. Terán,Athletico Paranaense,1125,3.92,65.31,2.56,49.00,65.89,-0.58,-0.58,0.61,57.76,45.77,54.17
30,bastos-botafogo-337,Bastos,Botafogo,592,5.47,61.11,3.34,35.98,66.57,-5.46,-5.00,0.45,37.01,89.44,52.74
31,kayky-almeida-remo-341,Kayky Almeida,Remo,565,5.26,60.61,3.19,33.02,66.51,-5.90,-5.00,0.41,38.08,83.80,51.80
32,i-rom-n-atl-tico-mineiro-363,I. Román,Atlético Mineiro,489,9.20,50.00,4.60,49.99,65.83,-15.83,-5.00,0.62,31.96,97.89,51.74
33,l-o-ortiz-flamengo-67,Léo Ortiz,Flamengo,1618,2.78,66.00,1.83,49.98,65.02,0.98,0.98,0.62,64.96,16.20,50.33
34,vitor-hugo-atl-tico-mineiro-328,Vitor Hugo,Atlético Mineiro,621,3.77,65.38,2.46,26.01,65.79,-0.41,-0.41,0.33,54.58,40.14,50.25
35,luan-c-ndido-vit-ria-164,Luan Cândido,Vitória,1224,3.16,65.12,2.06,42.98,65.35,-0.23,-0.23,0.54,58.32,27.46,49.07
36,willian-machado-mirassol-73,Willian Machado,Mirassol,1600,4.11,63.01,2.59,73.07,66.01,-3.00,-3.00,0.91,48.71,47.18,48.25
37,luan-peres-santos-118,Luan Peres,Santos,1377,3.92,63.33,2.48,59.98,65.89,-2.56,-2.56,0.75,50.00,41.55,47.46
38,fabricio-bruno-cruzeiro-15,Fabricio Bruno,Cruzeiro,2013,3.22,63.89,2.06,72.02,65.39,-1.50,-1.50,0.90,56.34,26.06,47.25
39,arthur-dias-athletico-paranaense-20,Arthur Dias,Athletico Paranaense,1961,3.30,63.89,2.11,71.90,65.46,-1.57,-1.57,0.90,55.06,28.87,47.21
40,gabriel-paulista-corinthians-43,Gabriel Paulista,Corinthians,1754,2.87,64.29,1.85,55.93,65.10,-0.81,-0.81,0.70,57.88,17.61,45.80
41,l-esquivel-athletico-paranaense-96,L. Esquivel,Athletico Paranaense,1456,6.68,57.41,3.83,108.07,66.70,-9.29,-5.00,1.00,21.13,96.48,43.73
42,alexander-barboza-palmeiras-100,Alexander Barboza,Palmeiras,1445,6.10,59.18,3.61,97.94,66.68,-7.50,-5.00,1.00,21.13,95.07,43.31
43,bruno-gomes-internacional-16,Bruno Gomes,Internacional,1999,5.63,61.60,3.47,125.05,66.61,-5.01,-5.00,1.00,21.13,92.25,42.46
44,andr-ramalho-corinthians-318,André Ramalho,Corinthians,647,2.50,66.67,1.67,17.97,64.76,1.91,1.91,0.22,56.64,9.15,42.40
45,victor-caetano-chapecoense-293,Victor Caetano,Chapecoense,719,5.76,47.83,2.76,46.02,66.63,-18.80,-5.00,0.58,33.39,61.27,41.75
46,a-saldivia-vasco-da-gama-194,A. Saldivia,Vasco da Gama,1078,5.18,56.45,2.92,62.04,66.49,-10.04,-5.00,0.78,27.61,72.54,41.09
47,jacy-coritiba-70,Jacy,Coritiba,1613,5.19,61.29,3.18,93.02,66.49,-5.20,-5.00,1.00,21.13,82.39,39.51
48,wagner-leonardo-gr-mio-270,Wagner Leonardo,Grêmio,785,4.93,53.49,2.64,43.00,66.40,-12.91,-5.00,0.54,34.48,50.00,39.14
49,cac-vit-ria-84,Cacá,Vitória,1548,3.26,60.71,1.98,56.07,65.43,-4.72,-4.72,0.70,46.05,21.83,38.79
50,l-villalba-cruzeiro-249,L. Villalba,Cruzeiro,869,4.35,57.14,2.49,42.00,66.14,-9.00,-5.00,0.53,34.84,42.96,37.28
51,c-cuesta-vasco-da-gama-204,C. Cuesta,Vasco da Gama,1048,4.64,57.41,2.66,54.03,66.28,-8.87,-5.00,0.68,30.50,51.41,36.77
52,lyanco-atl-tico-mineiro-295,Lyanco,Atlético Mineiro,711,4.18,51.52,2.15,33.02,66.05,-14.53,-5.00,0.41,38.08,33.10,36.59
53,jo-o-victor-mirassol-2,João Victor,Mirassol,2167,2.74,60.61,1.66,65.97,64.99,-4.38,-4.38,0.82,46.52,7.75,34.88
54,maicon-coritiba-181,Maicon,Coritiba,1146,2.75,60.00,1.65,35.02,65.00,-5.00,-5.00,0.44,46.92,6.34,34.74
55,j-aguirre-athletico-paranaense-71,J. Aguirre,Athletico Paranaense,1611,4.80,58.14,2.79,85.92,66.35,-8.21,-5.00,1.00,21.13,64.08,34.01
56,jo-o-paulo-chapecoense-338,João Paulo,Chapecoense,589,3.82,48.00,1.83,25.00,65.83,-17.83,-5.00,0.31,40.98,14.79,33.12
57,n-ferraresi-botafogo-117,N. Ferraresi,Botafogo,1380,5.22,52.50,2.74,80.04,66.50,-14.00,-5.00,1.00,21.13,59.86,32.75
58,jo-o-marcelo-cruzeiro-365,João Marcelo,Cruzeiro,488,3.14,47.06,1.48,17.03,65.33,-18.27,-5.00,0.21,43.86,3.52,31.75
59,lucas-oliveira-mirassol-343,Lucas Oliveira,Mirassol,551,3.43,42.86,1.47,21.00,65.56,-22.70,-5.00,0.26,42.42,2.11,30.33
60,vit-o-flamengo-322,Vitão,Flamengo,641,2.81,40.00,1.12,20.01,65.05,-25.05,-5.00,0.25,42.78,0.70,30.16
61,alix-red-bull-bragantino-66,Alix,Red Bull Bragantino,1620,5.00,52.22,2.61,90.00,66.43,-14.21,-5.00,1.00,21.13,48.59,29.37
62,gustavo-martins-gr-mio-146,Gustavo Martins,Grêmio,1311,4.12,51.67,2.13,60.01,66.01,-14.34,-5.00,0.75,28.34,31.69,29.34
63,a-franco-tigres-uanl-168,A. Franco,Tigres UANL,1209,4.84,46.15,2.23,65.02,66.36,-20.21,-5.00,0.81,26.53,34.51,28.93
64,d-tchamba-remo-109,D. Tchamba,Remo,1416,3.31,57.69,1.91,52.08,65.47,-7.78,-5.00,0.65,31.20,20.42,27.97
65,lucas-ver-ssimo-santos-136,Lucas Veríssimo,Santos,1325,3.53,51.92,1.83,51.97,65.63,-13.71,-5.00,0.65,31.24,13.38,25.88
66,l-o-pereira-flamengo-48,Léo Pereira,Flamengo,1722,3.40,60.00,2.04,65.05,65.53,-5.53,-5.00,0.81,26.52,23.24,25.54
67,tiago-c-ser-coritiba-98,Tiago Cóser,Coritiba,1451,4.16,49.25,2.05,67.07,66.03,-16.78,-5.00,0.84,25.79,24.65,25.45
68,bruno-leonardo-chapecoense-93,Bruno Leonardo,Chapecoense,1478,3.35,54.55,1.83,55.01,65.50,-10.95,-5.00,0.69,30.14,11.97,24.69
69,gustavo-marques-red-bull-bragantino-49,Gustavo Marques,Red Bull Bragantino,1700,3.02,59.65,1.80,57.04,65.23,-5.58,-5.00,0.71,29.41,10.56,23.76
70,murilo-palmeiras-24,Murilo,Palmeiras,1900,3.69,51.28,1.89,77.90,65.74,-14.46,-5.00,0.97,21.88,19.01,21.02
71,s-ramos-mingo-bahia-14,S. Ramos Mingo,Bahia,2019,2.99,53.73,1.61,67.08,65.21,-11.48,-5.00,0.84,25.79,4.93,19.53
