rank,player_id,Jogador,Equipe,minutes,vol,eff,impact,n_attempts,eff_expected,resid_eff_raw,resid_eff,conf,score_A,score_B,score_final
1,l-o-pereira-flamengo-48,Léo Pereira,Flamengo,1722,7.940,88.160,7.000,151.919,72.206,15.954,5.000,1.000,90.141,86.620,89.085
2,bruno-gomes-internacional-16,Bruno Gomes,Internacional,1999,7.880,77.710,6.124,175.024,72.087,5.623,5.000,1.000,90.141,78.169,86.549
3,s-ramos-mingo-bahia-14,S. Ramos Mingo,Bahia,2019,7.580,77.650,5.886,170.045,71.469,6.181,5.000,1.000,90.141,71.127,84.437
4,pedro-henrique-red-bull-bragantino-184,Pedro Henrique,Red Bull Bragantino,1135,7.530,81.050,6.103,94.962,71.363,9.687,5.000,0.791,81.765,76.761,80.264
5,andr-ramalho-corinthians-318,André Ramalho,Corinthians,647,9.320,82.090,7.651,67.000,74.625,7.465,5.000,0.558,72.412,93.662,78.787
6,robert-renan-vasco-da-gama-8,Robert Renan,Vasco da Gama,2128,9.090,78.600,7.145,214.928,74.267,4.333,4.333,1.000,72.535,88.028,77.183
7,david-duarte-bahia-87,David Duarte,Bahia,1534,6.160,78.100,4.811,104.994,68.127,9.973,5.000,0.875,85.121,50.000,74.585
8,gustavo-martins-gr-mio-146,Gustavo Martins,Grêmio,1311,8.170,75.630,6.179,119.010,72.655,2.975,2.975,0.992,70.952,80.986,73.962
9,jo-o-victor-mirassol-2,João Victor,Mirassol,2167,5.070,76.230,3.865,122.074,65.094,11.136,5.000,1.000,90.141,33.099,73.028
10,murilo-palmeiras-24,Murilo,Palmeiras,1900,8.290,74.290,6.159,175.011,72.881,1.409,1.409,1.000,69.718,79.577,72.676
11,c-cuesta-vasco-da-gama-204,C. Cuesta,Vasco da Gama,1048,7.730,76.670,5.927,90.012,71.781,4.889,4.889,0.750,71.129,73.944,71.974
12,n-ferraresi-botafogo-117,N. Ferraresi,Botafogo,1380,7.040,75.000,5.280,107.947,70.279,4.721,4.721,0.900,72.806,59.859,68.922
13,gabriel-mercado-internacional-159,Gabriel Mercado,Internacional,1263,5.990,75.000,4.492,84.060,67.680,7.320,5.000,0.700,78.119,44.366,67.993
14,l-o-ortiz-flamengo-67,Léo Ortiz,Flamengo,1618,10.350,75.810,7.846,186.070,76.006,-0.196,-0.196,1.000,52.817,95.070,65.493
15,f-balbuena-gr-mio-306,F. Balbuena,Grêmio,676,10.520,75.950,7.990,79.017,76.199,-0.249,-0.249,0.658,50.927,96.479,64.593
16,fabricio-bruno-cruzeiro-15,Fabricio Bruno,Cruzeiro,2013,9.250,74.400,6.882,206.892,74.518,-0.118,-0.118,1.000,54.225,85.211,63.521
17,willian-machado-mirassol-73,Willian Machado,Mirassol,1600,7.140,71.650,5.116,126.933,70.507,1.143,1.143,1.000,66.901,54.225,63.099
18,jo-o-marcelo-cruzeiro-365,João Marcelo,Cruzeiro,488,6.820,81.080,5.530,36.980,69.766,11.314,5.000,0.308,62.370,64.085,62.884
19,bastos-botafogo-337,Bastos,Botafogo,592,8.060,73.580,5.931,53.017,72.443,1.137,1.137,0.442,56.845,75.352,62.397
20,marllon-remo-5,Marllon,Remo,2138,4.040,67.710,2.735,95.972,61.856,5.854,5.000,0.800,82.103,14.789,61.909
21,sabino-s-o-paulo-97,Sabino,São Paulo,1452,8.120,72.520,5.889,131.003,72.559,-0.039,-0.039,1.000,55.634,72.535,60.704
22,alix-red-bull-bragantino-66,Alix,Red Bull Bragantino,1620,7.500,71.850,5.389,135.000,71.299,0.551,0.551,1.000,58.451,62.676,59.718
23,ruan-tressoldi-atl-tico-mineiro-38,Ruan Tressoldi,Atlético Mineiro,1778,5.720,68.140,3.898,113.002,66.951,1.189,1.189,0.942,67.242,34.507,57.422
24,wagner-leonardo-gr-mio-270,Wagner Leonardo,Grêmio,785,7.340,71.880,5.276,64.021,70.952,0.928,0.928,0.534,56.763,58.451,57.269
25,alexander-barboza-palmeiras-100,Alexander Barboza,Palmeiras,1445,11.830,74.210,8.779,189.937,77.356,-3.146,-3.146,1.000,38.732,99.296,56.901
26,j-nior-alonso-atlanta-united-214,Júnior Alonso,Atlanta United,1013,5.600,71.430,4.000,63.031,66.619,4.811,4.811,0.525,64.056,38.732,56.459
27,gabriel-paulista-corinthians-43,Gabriel Paulista,Corinthians,1754,6.110,68.910,4.210,119.077,67.996,0.914,0.914,0.992,61.181,41.549,55.291
28,lyanco-atl-tico-mineiro-295,Lyanco,Atlético Mineiro,711,5.060,77.500,3.921,39.974,65.064,12.436,5.000,0.333,63.372,35.915,55.135
29,vitor-hugo-atl-tico-mineiro-328,Vitor Hugo,Atlético Mineiro,621,4.930,82.350,4.060,34.017,64.675,17.675,5.000,0.283,61.379,40.141,55.008
30,j-aguirre-athletico-paranaense-71,J. Aguirre,Athletico Paranaense,1611,3.800,69.120,2.627,68.020,61.049,8.071,5.000,0.567,72.753,13.380,54.941
31,f-torres-internacional-123,F. Torres,Internacional,1371,6.560,70.000,4.592,99.931,69.138,0.862,0.862,0.833,58.210,45.775,54.480
32,z-ivaldo-remo-296,Zé Ivaldo,Remo,706,6.250,69.390,4.337,49.028,68.359,1.031,1.031,0.409,55.754,42.958,51.915
33,a-saldivia-vasco-da-gama-194,A. Saldivia,Vasco da Gama,1078,7.430,70.790,5.260,88.995,71.148,-0.358,-0.358,0.742,48.955,57.042,51.381
34,arthur-dias-athletico-paranaense-20,Arthur Dias,Athletico Paranaense,1961,8.220,71.510,5.878,179.105,72.750,-1.240,-1.240,1.000,42.958,69.718,50.986
35,lucas-oliveira-mirassol-343,Lucas Oliveira,Mirassol,551,4.570,78.570,3.591,27.979,63.567,15.003,5.000,0.233,59.359,28.873,50.213
36,l-villalba-cruzeiro-249,L. Villalba,Cruzeiro,869,10.460,71.290,7.457,100.997,76.132,-4.842,-4.842,0.842,31.033,92.254,49.399
37,tiago-c-ser-coritiba-98,Tiago Cóser,Coritiba,1451,3.850,66.130,2.546,62.071,61.219,4.911,4.911,0.517,65.299,11.972,49.301
38,jonathan-cruzeiro-145,Jonathan,Cruzeiro,1312,4.120,66.670,2.747,60.060,62.120,4.550,4.550,0.501,61.984,16.197,48.248
39,rafael-tol-i-s-o-paulo-348,Rafael Tolói,São Paulo,537,7.880,68.090,5.365,47.017,72.087,-3.997,-3.997,0.392,42.274,61.268,47.972
40,vit-o-flamengo-322,Vitão,Flamengo,641,6.740,68.750,4.634,48.004,69.575,-0.825,-0.825,0.400,48.310,47.183,47.972
41,victor-gabriel-internacional-124,Victor Gabriel,Internacional,1364,9.300,70.920,6.596,140.947,74.594,-3.674,-3.674,1.000,33.099,82.394,47.887
42,gustavo-marques-red-bull-bragantino-49,Gustavo Marques,Red Bull Bragantino,1700,7.360,69.780,5.136,139.022,70.996,-1.216,-1.216,1.000,44.366,55.634,47.746
43,jo-o-paulo-chapecoense-338,João Paulo,Chapecoense,589,11.310,64.860,7.336,74.018,76.967,-12.107,-5.000,0.617,27.412,90.845,46.442
44,eduardo-doma-chapecoense-31,Eduardo Doma,Chapecoense,1832,8.350,69.410,5.796,169.969,72.993,-3.583,-3.583,1.000,34.507,68.310,44.648
45,luan-peres-santos-118,Luan Peres,Santos,1377,7.390,68.140,5.036,113.067,71.061,-2.921,-2.921,0.942,40.710,52.817,44.342
46,bruno-leonardo-chapecoense-93,Bruno Leonardo,Chapecoense,1478,4.510,63.510,2.864,74.064,63.378,0.132,0.132,0.617,54.346,20.423,44.169
47,gabriel-xavier-shenzhen-peng-city-360,Gabriel Xavier,Shenzhen Peng City,500,6.120,64.710,3.960,34.000,68.022,-3.312,-3.312,0.283,46.009,37.324,43.404
48,luan-c-ndido-vit-ria-164,Luan Cândido,Vitória,1224,4.630,63.490,2.940,62.968,63.755,-0.265,-0.265,0.525,50.000,21.831,41.549
49,gustavo-henrique-corinthians-29,Gustavo Henrique,Corinthians,1863,5.270,65.140,3.433,109.089,65.681,-0.541,-0.541,0.909,47.439,24.648,40.602
50,kayky-almeida-remo-341,Kayky Almeida,Remo,565,7.810,63.270,4.941,49.029,71.945,-8.675,-5.000,0.409,35.038,51.408,39.949
51,l-esquivel-athletico-paranaense-96,L. Esquivel,Athletico Paranaense,1456,11.370,71.200,8.095,183.941,77.017,-5.817,-5.000,1.000,13.380,97.887,38.732
52,bruno-fuchs-palmeiras-336,Bruno Fuchs,Palmeiras,598,7.680,60.780,4.668,51.029,71.678,-10.898,-5.000,0.425,34.428,48.592,38.677
53,j-freytes-fluminense-39,J. Freytes,Fluminense,1776,10.240,70.300,7.199,202.069,75.876,-5.576,-5.000,1.000,13.380,89.437,36.197
54,viery-fiorentina-138,Viery,Fiorentina,1323,10.480,63.640,6.669,154.056,76.155,-12.515,-5.000,1.000,13.380,83.803,34.507
55,gabriel-justino-botafogo-279,Gabriel Justino,Botafogo,774,2.910,56.000,1.630,25.026,57.886,-1.886,-1.886,0.209,48.238,2.113,34.400
56,victor-caetano-chapecoense-293,Victor Caetano,Chapecoense,719,6.010,62.500,3.756,48.013,67.733,-5.233,-5.000,0.400,35.348,31.690,34.251
57,maicon-coritiba-181,Maicon,Coritiba,1146,4.240,59.260,2.513,53.989,62.513,-3.253,-3.253,0.450,44.297,9.155,33.754
58,r-arboleda-s-o-paulo-304,R. Arboleda,São Paulo,685,6.180,57.450,3.550,47.037,68.178,-10.728,-5.000,0.392,35.646,27.465,33.192
59,newton-s-o-paulo-370,Newton,São Paulo,472,2.480,46.150,1.145,13.006,56.261,-10.111,-5.000,0.108,46.031,0.704,32.433
60,lucas-ver-ssimo-santos-136,Lucas Veríssimo,Santos,1325,4.280,58.730,2.514,63.011,62.643,-3.913,-3.913,0.525,40.386,10.563,31.439
61,i-rom-n-atl-tico-mineiro-363,I. Román,Atlético Mineiro,489,4.600,48.000,2.208,24.993,63.661,-15.661,-5.000,0.208,42.373,4.930,31.140
62,a-franco-tigres-uanl-168,A. Franco,Tigres UANL,1209,8.410,66.370,5.582,112.974,73.103,-6.733,-5.000,0.941,15.524,66.901,30.937
63,ign-cio-fluminense-238,Ignácio,Fluminense,920,5.090,59.620,3.035,52.031,65.153,-5.533,-5.000,0.434,34.122,23.239,30.857
64,camutanga-vit-ria-301,Camutanga,Vitória,696,4.270,54.550,2.329,33.021,62.610,-8.060,-5.000,0.275,39.923,6.338,29.848
65,d-tchamba-remo-109,D. Tchamba,Remo,1416,8.330,66.410,5.532,131.059,72.956,-6.546,-5.000,1.000,13.380,65.493,29.014
66,g-g-mez-palmeiras-27,G. Gómez,Palmeiras,1875,5.620,62.390,3.506,117.083,66.675,-4.285,-4.285,0.976,29.387,26.056,28.388
67,a-fr-as-santos-253,A. Frías,Santos,863,3.750,50.000,1.875,35.958,60.878,-10.878,-5.000,0.300,39.027,3.521,28.375
68,c-ter-n-athletico-paranaense-186,C. Terán,Athletico Paranaense,1125,6.880,53.490,3.680,86.000,69.907,-16.417,-5.000,0.717,23.756,30.282,25.714
69,jacy-coritiba-70,Jacy,Coritiba,1613,4.740,58.820,2.788,84.951,64.096,-5.276,-5.000,0.708,24.076,17.606,22.135
70,jemmes-fluminense-103,Jemmes,Fluminense,1436,5.700,49.450,2.819,90.947,66.896,-17.446,-5.000,0.758,22.246,19.014,21.277
71,cac-vit-ria-84,Cacá,Vitória,1548,4.590,54.430,2.498,78.948,63.630,-9.200,-5.000,0.658,25.908,7.746,20.459
