player_id,Jogador,Equipe,archetype_atual,z_area,z_con_slim,z_com,z_duelos_def,m4,archetype_lat_style,archetype_strong_first,archetype_proposta,n_strong_axes,strong_axes,changed_lat_style,changed_proposta
a-franco-tigres-uanl-168,A. Franco,Tigres UANL,Construtor,-1.103,0.256,0.957,0.579,1.224,Combativo,Combativo,Combativo,1,Combativo,True,True
a-fr-as-santos-253,A. Frías,Santos,Combativo,-0.996,-1.293,0.517,0.251,0.886,Combativo,Combativo,Combativo,1,Combativo,False,False
a-saldivia-vasco-da-gama-194,A. Saldivia,Vasco da Gama,Construtor,0.203,0.822,0.950,0.889,0.848,Combativo,Combativo,Combativo,2,Construtor+Combativo,True,True
alexander-barboza-palmeiras-100,Alexander Barboza,Palmeiras,Construtor,0.756,1.551,0.529,1.727,0.624,Construtor,Construtor,Combativo,3,Defensor de Área+Construtor+Combativo,False,True
alix-red-bull-bragantino-66,Alix,Red Bull Bragantino,Combativo,-0.034,0.131,1.328,0.725,0.805,Combativo,Combativo,Combativo,1,Combativo,False,False
andr-ramalho-corinthians-318,André Ramalho,Corinthians,Construtor,0.246,1.238,-0.697,-1.554,0.402,Construtor,Construtor,Construtor,1,Construtor,False,False
arthur-dias-athletico-paranaense-20,Arthur Dias,Athletico Paranaense,Construtor,-1.174,0.558,0.255,-0.825,0.930,Construtor,Construtor,Construtor,1,Construtor,False,False
bastos-botafogo-337,Bastos,Botafogo,Combativo,-1.139,-0.623,1.223,1.153,1.486,Combativo,Combativo,Combativo,1,Combativo,False,False
bruno-fuchs-palmeiras-336,Bruno Fuchs,Palmeiras,Construtor,-0.637,0.640,0.289,-0.132,0.837,Construtor,Construtor,Construtor,1,Construtor,False,False
bruno-gomes-internacional-16,Bruno Gomes,Internacional,Construtor,-1.299,1.048,1.119,1.299,1.307,Combativo,Combativo,Combativo,2,Construtor+Combativo,True,True
bruno-leonardo-chapecoense-93,Bruno Leonardo,Chapecoense,Defensor de Área,0.316,-0.844,-0.279,-0.779,0.478,Defensor de Área,Defensor de Área,Defensor de Área,1,Defensor de Área,False,False
c-cuesta-vasco-da-gama-204,C. Cuesta,Vasco da Gama,Construtor,-1.188,0.668,0.515,0.397,0.953,Construtor,Construtor,Construtor,2,Construtor+Combativo,False,False
c-ter-n-athletico-paranaense-186,C. Terán,Athletico Paranaense,Combativo,-0.566,-0.134,0.202,-0.260,0.784,Combativo,Combativo,Combativo,0,—,False,False
cac-vit-ria-84,Cacá,Vitória,Defensor de Área,0.688,-0.871,-1.223,-0.861,0.364,Defensor de Área,Defensor de Área,Defensor de Área,1,Defensor de Área,False,False
camutanga-vit-ria-301,Camutanga,Vitória,Defensor de Área,0.318,-0.596,-0.717,-0.889,0.470,Defensor de Área,Defensor de Área,Defensor de Área,1,Defensor de Área,False,False
d-tchamba-remo-109,D. Tchamba,Remo,Defensor de Área,0.741,0.539,-0.794,-0.816,0.367,Defensor de Área,Defensor de Área,Defensor de Área,2,Defensor de Área+Construtor,False,False
david-duarte-bahia-87,David Duarte,Bahia,Construtor,0.391,0.313,-0.522,-0.570,0.473,Defensor de Área,Defensor de Área,Defensor de Área,2,Defensor de Área+Construtor,True,True
eduardo-doma-chapecoense-31,Eduardo Doma,Chapecoense,Defensor de Área,0.029,0.148,-0.794,-1.053,0.430,Defensor de Área,Defensor de Área,Defensor de Área,0,—,False,False
f-balbuena-gr-mio-306,F. Balbuena,Grêmio,Construtor,-1.386,0.138,0.398,-0.560,0.846,Combativo,Combativo,Combativo,1,Combativo,True,True
f-torres-internacional-123,F. Torres,Internacional,Combativo,0.264,-0.026,0.664,-0.004,0.609,Combativo,Combativo,Combativo,1,Combativo,False,False
fabricio-bruno-cruzeiro-15,Fabricio Bruno,Cruzeiro,Construtor,0.062,0.401,-1.020,-0.898,0.421,Construtor,Construtor,Construtor,1,Construtor,False,False
g-g-mez-palmeiras-27,G. Gómez,Palmeiras,Defensor de Área,0.743,-0.623,-0.494,0.196,0.510,Defensor de Área,Defensor de Área,Defensor de Área,1,Defensor de Área,False,False
gabriel-justino-botafogo-279,Gabriel Justino,Botafogo,Defensor de Área,0.254,-1.079,-0.580,-0.333,0.497,Defensor de Área,Defensor de Área,Defensor de Área,0,—,False,False
gabriel-mercado-internacional-159,Gabriel Mercado,Internacional,Combativo,-0.427,-0.174,0.199,0.260,0.698,Combativo,Combativo,Combativo,0,—,False,False
gabriel-paulista-corinthians-43,Gabriel Paulista,Corinthians,Defensor de Área,-0.222,-0.321,-0.882,-1.217,0.420,Defensor de Área,Defensor de Área,Defensor de Área,0,—,False,False
gabriel-xavier-shenzhen-peng-city-360,Gabriel Xavier,Shenzhen Peng City,Defensor de Área,0.895,-0.594,-0.598,-0.551,0.378,Defensor de Área,Defensor de Área,Defensor de Área,1,Defensor de Área,False,False
gustavo-henrique-corinthians-29,Gustavo Henrique,Corinthians,Defensor de Área,0.219,-0.772,-0.589,-0.579,0.493,Defensor de Área,Defensor de Área,Defensor de Área,0,—,False,False
gustavo-marques-red-bull-bragantino-49,Gustavo Marques,Red Bull Bragantino,Defensor de Área,-0.007,0.068,-0.770,-1.080,0.429,Defensor de Área,Defensor de Área,Defensor de Área,0,—,False,False
gustavo-martins-gr-mio-146,Gustavo Martins,Grêmio,Defensor de Área,0.238,-0.205,0.078,-0.077,0.596,Defensor de Área,Defensor de Área,Defensor de Área,0,—,False,False
i-rom-n-atl-tico-mineiro-363,I. Román,Atlético Mineiro,Combativo,-0.543,-0.623,2.601,4.553,1.180,Combativo,Combativo,Combativo,1,Combativo,False,False
ign-cio-fluminense-238,Ignácio,Fluminense,Defensor de Área,0.308,-0.825,-0.452,-0.087,0.527,Defensor de Área,Defensor de Área,Defensor de Área,1,Defensor de Área,False,False
j-aguirre-athletico-paranaense-71,J. Aguirre,Athletico Paranaense,Defensor de Área,0.650,-1.227,0.139,0.542,0.584,Defensor de Área,Defensor de Área,Defensor de Área,1,Defensor de Área,False,False
j-freytes-fluminense-39,J. Freytes,Fluminense,Construtor,-0.542,0.417,-0.343,-0.041,0.633,Construtor,Construtor,Construtor,1,Construtor,False,False
jacy-coritiba-70,Jacy,Coritiba,Defensor de Área,1.173,-0.514,0.095,0.898,0.529,Defensor de Área,Defensor de Área,Defensor de Área,1,Defensor de Área,False,False
jemmes-fluminense-103,Jemmes,Fluminense,Combativo,0.123,-0.838,0.184,0.050,0.608,Combativo,Combativo,Combativo,0,—,False,False
jonathan-cruzeiro-145,Jonathan,Cruzeiro,Combativo,-0.335,-0.862,1.490,0.105,0.857,Combativo,Combativo,Combativo,1,Combativo,False,False
jo-o-marcelo-cruzeiro-365,João Marcelo,Cruzeiro,Defensor de Área,0.977,0.112,-1.204,-0.971,0.345,Defensor de Área,Defensor de Área,Defensor de Área,1,Defensor de Área,False,False
jo-o-paulo-chapecoense-338,João Paulo,Chapecoense,Construtor,-1.253,0.636,-1.083,-0.351,0.628,Construtor,Construtor,Construtor,1,Construtor,False,False
jo-o-victor-mirassol-2,João Victor,Mirassol,Defensor de Área,1.035,-0.854,-1.029,-1.335,0.365,Defensor de Área,Defensor de Área,Defensor de Área,1,Defensor de Área,False,False
j-nior-alonso-atlanta-united-214,Júnior Alonso,Atlanta United,Combativo,-0.039,-0.495,0.303,0.624,0.681,Combativo,Combativo,Combativo,1,Combativo,False,False
kayky-almeida-remo-341,Kayky Almeida,Remo,Construtor,-0.486,0.705,1.258,0.962,0.919,Combativo,Combativo,Combativo,2,Construtor+Combativo,True,True
l-esquivel-athletico-paranaense-96,L. Esquivel,Athletico Paranaense,Construtor,-1.589,1.570,1.716,2.256,1.696,Combativo,Combativo,Combativo,2,Construtor+Combativo,True,True
l-villalba-cruzeiro-249,L. Villalba,Cruzeiro,Construtor,-0.749,1.439,0.348,0.132,0.800,Construtor,Construtor,Construtor,2,Construtor+Combativo,False,False
luan-c-ndido-vit-ria-164,Luan Cândido,Vitória,Defensor de Área,0.115,-0.881,-0.480,-0.952,0.462,Defensor de Área,Defensor de Área,Defensor de Área,0,—,False,False
luan-peres-santos-118,Luan Peres,Santos,Defensor de Área,0.232,0.067,-0.529,-0.260,0.552,Defensor de Área,Defensor de Área,Defensor de Área,0,—,False,False
lucas-oliveira-mirassol-343,Lucas Oliveira,Mirassol,Combativo,-0.178,-0.159,-0.376,-0.706,0.665,Defensor de Área,Defensor de Área,Defensor de Área,0,—,True,True
lucas-ver-ssimo-santos-136,Lucas Veríssimo,Santos,Defensor de Área,0.335,-1.082,-0.315,-0.615,0.449,Defensor de Área,Defensor de Área,Defensor de Área,1,Defensor de Área,False,False
lyanco-atl-tico-mineiro-295,Lyanco,Atlético Mineiro,Combativo,0.357,0.046,0.043,-0.023,0.604,Defensor de Área,Defensor de Área,Defensor de Área,1,Defensor de Área,True,True
l-o-ortiz-flamengo-67,Léo Ortiz,Flamengo,Construtor,-0.609,1.141,-0.506,-1.299,0.563,Construtor,Construtor,Construtor,1,Construtor,False,False
l-o-pereira-flamengo-48,Léo Pereira,Flamengo,Construtor,-0.315,1.182,-0.329,-0.734,0.636,Construtor,Construtor,Construtor,1,Construtor,False,False
maicon-coritiba-181,Maicon,Coritiba,Defensor de Área,0.571,-0.753,-1.070,-1.326,0.441,Defensor de Área,Defensor de Área,Defensor de Área,1,Defensor de Área,False,False
marllon-remo-5,Marllon,Remo,Combativo,-0.192,-0.969,-0.260,-0.150,0.603,Defensor de Área,Defensor de Área,Defensor de Área,0,—,True,True
murilo-palmeiras-24,Murilo,Palmeiras,Construtor,0.343,0.457,-0.465,-0.469,0.511,Construtor,Construtor,Construtor,2,Defensor de Área+Construtor,False,False
n-ferraresi-botafogo-117,N. Ferraresi,Botafogo,Defensor de Área,0.871,-0.027,0.284,0.925,0.561,Defensor de Área,Defensor de Área,Defensor de Área,1,Defensor de Área,False,False
newton-s-o-paulo-370,Newton,São Paulo,Combativo,-1.691,-1.448,0.586,-0.187,1.040,Combativo,Combativo,Combativo,1,Combativo,False,False
pedro-henrique-red-bull-bragantino-184,Pedro Henrique,Red Bull Bragantino,Construtor,0.709,0.894,-0.253,-0.150,0.513,Construtor,Construtor,Construtor,2,Defensor de Área+Construtor,False,False
r-arboleda-s-o-paulo-304,R. Arboleda,São Paulo,Defensor de Área,0.429,-0.506,-0.464,0.123,0.476,Defensor de Área,Defensor de Área,Defensor de Área,1,Defensor de Área,False,False
rafael-tol-i-s-o-paulo-348,Rafael Tolói,São Paulo,Combativo,0.182,0.016,0.061,0.296,0.615,Defensor de Área,Defensor de Área,Defensor de Área,0,—,True,True
robert-renan-vasco-da-gama-8,Robert Renan,Vasco da Gama,Construtor,-0.737,1.382,0.846,0.296,0.881,Construtor,Construtor,Construtor,2,Construtor+Combativo,False,False
ruan-tressoldi-atl-tico-mineiro-38,Ruan Tressoldi,Atlético Mineiro,Defensor de Área,0.676,-0.216,-0.196,0.369,0.581,Defensor de Área,Defensor de Área,Defensor de Área,1,Defensor de Área,False,False
s-ramos-mingo-bahia-14,S. Ramos Mingo,Bahia,Construtor,0.055,0.614,-0.282,-1.107,0.599,Construtor,Construtor,Construtor,1,Construtor,False,False
sabino-s-o-paulo-97,Sabino,São Paulo,Construtor,0.689,0.650,0.021,0.460,0.543,Defensor de Área,Defensor de Área,Defensor de Área,2,Defensor de Área+Construtor,True,True
tiago-c-ser-coritiba-98,Tiago Cóser,Coritiba,Defensor de Área,1.008,-1.050,-0.356,-0.041,0.517,Defensor de Área,Defensor de Área,Defensor de Área,1,Defensor de Área,False,False
victor-caetano-chapecoense-293,Victor Caetano,Chapecoense,Combativo,0.624,0.173,0.546,1.417,0.814,Defensor de Área,Defensor de Área,Defensor de Área,2,Defensor de Área+Combativo,True,True
victor-gabriel-internacional-124,Victor Gabriel,Internacional,Construtor,0.900,1.215,-0.096,0.679,0.493,Construtor,Construtor,Construtor,2,Defensor de Área+Construtor,False,False
viery-fiorentina-138,Viery,Fiorentina,Construtor,0.239,1.316,0.486,2.301,0.765,Construtor,Construtor,Combativo,2,Construtor+Combativo,False,True
vitor-hugo-atl-tico-mineiro-328,Vitor Hugo,Atlético Mineiro,Defensor de Área,0.132,-1.012,0.215,-0.396,0.599,Combativo,Combativo,Combativo,0,—,True,True
vit-o-flamengo-322,Vitão,Flamengo,Construtor,0.046,0.013,-1.206,-1.271,0.465,Defensor de Área,Defensor de Área,Defensor de Área,0,—,True,True
wagner-leonardo-gr-mio-270,Wagner Leonardo,Grêmio,Combativo,-0.443,-0.579,0.379,0.661,0.748,Combativo,Combativo,Combativo,1,Combativo,False,False
willian-machado-mirassol-73,Willian Machado,Mirassol,Construtor,0.847,0.589,-0.144,-0.087,0.508,Defensor de Área,Defensor de Área,Defensor de Área,2,Defensor de Área+Construtor,True,True
z-ivaldo-remo-296,Zé Ivaldo,Remo,Combativo,-0.109,-0.081,0.574,0.469,0.737,Combativo,Combativo,Combativo,1,Combativo,False,False
