player_id,Jogador,Equipe,duelos_def,duelos_ar,passes_prog,passes_long,eficiencia_def,rating_mean,%Minutos,minutes,minutes_weight,rating_final,rank,perfil_cluster,con,def,perfil_m,m2_raw,m3_raw,m6_raw,m8_raw,m0_final,m2_final,m3_final,m6_final,m8_final,rank_m0,rank_m2,rank_m3,rank_m6,rank_m8
pedro-henrique-red-bull-bragantino-184,Pedro Henrique,Red Bull Bragantino,75.43,60.56,81.21,84.20,86.62,77.61,0.52,1135,0.66,68.13,1,Construtor,82.70,74.20,Construtor,81.43,72.49,75.22,82.10,68.13,70.55,64.70,66.48,70.99,1,3,1,2,3
willian-machado-mirassol-73,Willian Machado,Mirassol,46.66,83.10,60.56,70.49,69.44,66.05,0.74,1600,0.82,63.18,2,Híbrido,65.53,66.40,Híbrido,66.01,60.23,65.53,66.01,63.18,63.16,58.41,62.77,63.16,2,8,2,4,8
fabricio-bruno-cruzeiro-15,Fabricio Bruno,Cruzeiro,42.47,85.92,70.42,77.46,34.51,62.16,0.93,2013,0.95,61.59,3,Construtor,73.94,54.30,Construtor,70.99,53.74,68.96,70.99,61.59,70.03,53.57,68.09,70.03,3,4,6,1,4
jo-o-victor-mirassol-2,João Victor,Mirassol,30.03,83.80,60.56,68.37,61.27,60.81,1.00,2167,1.00,60.81,4,Posicional,64.47,58.37,Defensivo,59.28,50.33,61.75,59.28,60.81,59.28,50.33,61.75,59.28,4,20,13,7,20
l-o-ortiz-flamengo-67,Léo Ortiz,Flamengo,40.58,57.75,73.24,97.18,40.99,61.95,0.75,1618,0.83,59.88,5,Construtor,85.21,46.44,Construtor,80.09,55.54,69.18,80.09,59.88,74.96,54.59,65.91,74.96,5,2,3,3,2
david-duarte-bahia-87,David Duarte,Bahia,50.11,99.30,67.25,38.33,55.07,62.01,0.71,1534,0.80,59.60,6,Posicional,52.79,68.16,Defensivo,65.85,54.91,65.02,65.85,59.60,62.69,53.93,62.02,62.69,6,9,5,6,9
eduardo-doma-chapecoense-31,Eduardo Doma,Chapecoense,52.71,28.87,49.30,90.85,75.63,59.47,0.85,1832,0.90,58.49,7,Construtor,70.07,52.40,Construtor,67.42,48.76,56.22,67.42,58.49,65.68,48.88,55.60,65.68,7,6,16,15,6
f-torres-internacional-123,F. Torres,Internacional,82.67,35.21,51.99,52.02,82.96,60.97,0.63,1371,0.74,58.15,8,Posicional,52.01,66.95,Defensivo,64.71,53.24,55.54,64.71,58.15,60.89,52.40,54.11,60.89,8,14,7,21,14
gabriel-xavier-shenzhen-peng-city-360,Gabriel Xavier,Shenzhen Peng City,57.75,82.34,41.47,68.23,92.54,68.46,0.23,500,0.39,57.12,9,Posicional,54.85,77.54,Defensivo,74.14,60.37,68.18,74.14,57.12,59.29,53.99,56.99,59.29,9,19,4,11,19
ruan-tressoldi-atl-tico-mineiro-38,Ruan Tressoldi,Atlético Mineiro,78.87,29.58,48.89,41.20,85.21,56.75,0.82,1778,0.88,55.93,10,Posicional,45.05,64.55,Defensivo,62.41,47.24,51.55,62.41,55.93,60.91,47.58,51.36,60.91,10,13,22,36,13
j-nior-alonso-atlanta-united-214,Júnior Alonso,Atlanta United,86.85,52.82,50.65,28.23,77.04,59.12,0.47,1013,0.61,55.56,11,Posicional,39.44,72.24,Defensivo,68.94,48.16,59.48,68.94,55.56,61.60,48.87,55.80,61.60,11,10,17,14,10
sabino-s-o-paulo-97,Sabino,São Paulo,75.49,60.56,62.68,39.62,46.90,57.05,0.67,1452,0.77,55.43,12,Híbrido,51.15,60.98,Híbrido,56.56,51.82,59.03,56.56,55.43,55.06,51.40,56.96,55.06,12,30,9,12,30
robert-renan-vasco-da-gama-8,Robert Renan,Vasco da Gama,62.68,40.85,85.21,38.73,49.72,55.44,0.98,2128,0.99,55.37,13,Construtor,61.97,51.08,Construtor,60.34,50.43,56.65,60.34,55.37,60.20,50.42,56.57,60.20,13,16,12,13,16
l-o-pereira-flamengo-48,Léo Pereira,Flamengo,32.61,31.81,92.96,94.37,29.44,56.24,0.79,1722,0.86,55.37,14,Construtor,93.66,31.29,Construtor,87.28,46.81,64.18,87.28,55.37,81.98,47.26,62.17,81.98,13,1,23,5,1
z-ivaldo-remo-296,Zé Ivaldo,Remo,73.47,48.58,48.78,43.64,78.17,58.53,0.33,706,0.48,54.11,15,Posicional,46.21,66.74,Defensivo,64.27,54.06,55.59,64.27,54.11,56.94,51.98,52.72,56.94,15,24,8,30,24
ign-cio-fluminense-238,Ignácio,Fluminense,81.96,60.56,32.04,41.05,68.87,56.90,0.42,920,0.57,53.95,16,Posicional,36.55,70.46,Defensivo,67.44,48.70,57.87,67.44,53.95,59.92,49.26,54.48,59.92,16,17,14,17,17
alexander-barboza-palmeiras-100,Alexander Barboza,Palmeiras,59.86,65.49,59.15,59.15,30.28,54.79,0.67,1445,0.77,53.68,17,Construtor,59.15,51.88,Construtor,58.06,46.25,59.94,58.06,53.68,56.21,47.11,57.66,56.21,17,28,25,10,28
f-balbuena-gr-mio-306,F. Balbuena,Grêmio,52.88,42.37,72.78,58.20,60.70,57.39,0.31,676,0.47,53.46,18,Construtor,65.49,51.98,Construtor,63.46,52.88,60.57,63.98,53.46,56.29,51.35,54.94,56.53,18,27,10,16,26
n-ferraresi-botafogo-117,N. Ferraresi,Botafogo,33.10,50.00,67.60,58.21,64.08,54.60,0.64,1380,0.75,53.43,19,Híbrido,62.91,49.06,Híbrido,56.67,47.67,52.14,56.67,53.43,54.99,48.26,51.60,54.99,19,31,20,35,31
gustavo-martins-gr-mio-146,Gustavo Martins,Grêmio,28.69,81.69,78.06,66.10,17.89,54.49,0.60,1311,0.72,53.24,20,Híbrido,72.08,42.76,Híbrido,58.88,39.23,64.41,58.88,53.24,56.37,42.27,60.34,56.37,20,26,46,8,27
kayky-almeida-remo-341,Kayky Almeida,Remo,63.41,63.07,42.94,62.47,52.54,56.89,0.26,565,0.42,52.87,21,Híbrido,52.70,59.67,Híbrido,56.54,52.70,57.23,57.52,52.87,52.72,51.13,53.01,53.13,21,38,11,29,36
gabriel-mercado-internacional-159,Gabriel Mercado,Internacional,83.29,17.21,59.02,66.28,43.24,53.81,0.58,1263,0.70,52.68,22,Construtor,62.65,47.91,Construtor,60.92,38.38,54.74,60.92,52.68,57.66,41.85,53.33,57.66,22,22,48,25,22
andr-ramalho-corinthians-318,André Ramalho,Corinthians,32.90,87.89,84.02,26.38,41.55,54.55,0.30,647,0.46,52.07,23,Construtor,55.20,54.11,Construtor,55.04,43.94,68.43,55.04,52.07,52.30,47.23,58.43,52.30,23,42,24,9,42
g-g-mez-palmeiras-27,G. Gómez,Palmeiras,64.08,59.86,29.10,59.29,48.87,52.24,0.87,1875,0.91,52.04,24,Posicional,44.20,57.60,Defensivo,56.10,43.82,52.89,56.10,52.04,55.58,44.36,52.64,55.58,24,29,38,31,29
rafael-tol-i-s-o-paulo-348,Rafael Tolói,São Paulo,57.97,66.96,51.22,68.42,30.28,54.97,0.25,537,0.40,52.01,25,Construtor,59.82,51.74,Construtor,58.61,46.38,58.93,58.61,52.01,53.50,48.53,53.63,53.50,25,34,18,23,35
luan-c-ndido-vit-ria-164,Luan Cândido,Vitória,43.65,79.90,35.92,37.82,66.90,52.84,0.56,1224,0.69,51.96,26,Posicional,36.87,63.48,Defensivo,61.50,47.76,56.31,61.50,51.96,57.89,48.47,54.33,57.89,26,21,19,18,21
a-fr-as-santos-253,A. Frías,Santos,83.28,61.08,22.54,21.62,79.01,53.51,0.40,863,0.55,51.93,27,Posicional,22.08,74.46,Defensivo,70.83,40.60,55.77,70.83,51.93,61.48,44.82,53.18,61.48,27,11,34,28,11
r-arboleda-s-o-paulo-304,R. Arboleda,São Paulo,56.34,78.11,31.00,39.35,65.21,54.00,0.32,685,0.47,51.89,28,Posicional,35.17,66.55,Defensivo,64.11,46.10,56.80,64.11,51.89,56.73,48.14,53.24,56.73,28,25,21,27,25
viery-fiorentina-138,Viery,Fiorentina,92.25,30.48,42.96,34.51,61.83,52.41,0.61,1323,0.73,51.75,29,Construtor,38.73,61.52,Construtor,42.15,44.70,50.88,42.15,51.75,44.31,46.16,50.64,44.31,29,64,31,42,64
a-saldivia-vasco-da-gama-194,A. Saldivia,Vasco da Gama,50.34,72.02,52.48,48.09,39.86,52.56,0.50,1078,0.64,51.62,30,Híbrido,50.28,54.07,Híbrido,52.37,48.75,56.75,52.71,51.62,51.51,49.20,54.30,51.73,30,45,15,19,45
j-freytes-fluminense-39,J. Freytes,Fluminense,61.27,35.21,51.41,69.01,39.86,51.35,0.82,1776,0.88,51.19,31,Construtor,60.21,45.45,Construtor,58.71,46.51,53.84,58.71,51.19,57.66,46.93,53.38,57.66,31,23,26,24,23
bruno-gomes-internacional-16,Bruno Gomes,Internacional,64.08,13.38,81.69,56.34,40.42,51.18,0.92,1999,0.95,51.12,32,Construtor,69.02,39.29,Construtor,66.33,34.44,53.46,66.33,51.12,65.46,35.26,53.28,65.46,32,7,61,26,7
jo-o-paulo-chapecoense-338,João Paulo,Chapecoense,26.45,83.63,55.22,73.07,23.80,52.44,0.27,589,0.43,51.04,33,Posicional,64.14,44.63,Defensivo,47.55,41.04,59.92,47.55,51.04,48.96,46.18,54.23,48.96,33,50,30,20,50
vitor-hugo-atl-tico-mineiro-328,Vitor Hugo,Atlético Mineiro,47.13,64.31,51.86,27.55,66.62,51.49,0.29,621,0.44,50.66,34,Posicional,39.70,59.35,Defensivo,57.85,42.45,53.84,57.85,50.66,53.51,46.62,51.72,53.51,34,33,28,34,34
jonathan-cruzeiro-145,Jonathan,Cruzeiro,60.67,31.77,38.39,49.99,72.25,50.61,0.61,1312,0.72,50.44,35,Posicional,44.19,54.90,Defensivo,53.40,44.15,47.08,53.40,50.44,52.46,45.76,47.88,52.46,35,40,32,50,40
alix-red-bull-bragantino-66,Alix,Red Bull Bragantino,28.17,54.93,60.56,59.86,46.90,50.08,0.75,1620,0.83,50.07,36,Híbrido,60.21,43.33,Híbrido,52.62,41.80,50.74,52.62,50.07,52.17,43.20,50.61,52.17,36,44,41,43,44
bruno-fuchs-palmeiras-336,Bruno Fuchs,Palmeiras,56.14,28.30,40.01,73.86,48.59,49.38,0.28,598,0.43,49.73,37,Construtor,56.94,44.34,Construtor,55.44,41.38,52.69,55.44,49.73,52.38,46.23,51.18,52.38,37,41,29,37,41
arthur-dias-athletico-paranaense-20,Arthur Dias,Athletico Paranaense,42.60,15.89,56.34,90.85,42.68,49.67,0.90,1961,0.94,49.69,38,Construtor,73.59,33.72,Construtor,70.22,34.76,54.26,70.22,49.69,68.88,35.77,53.97,68.88,38,5,60,22,5
luan-peres-santos-118,Luan Peres,Santos,46.30,60.50,44.77,32.03,64.08,49.54,0.64,1377,0.74,49.66,39,Posicional,38.40,56.96,Defensivo,55.46,43.54,47.04,55.56,49.66,54.09,45.17,47.79,54.16,39,32,33,51,32
jacy-coritiba-70,Jacy,Coritiba,59.86,50.70,27.82,28.82,80.70,49.58,0.74,1613,0.83,49.65,40,Posicional,28.32,63.75,Defensivo,61.73,41.26,46.43,61.73,49.65,59.65,42.81,47.07,59.65,40,18,44,52,18
d-tchamba-remo-109,D. Tchamba,Remo,31.54,35.21,40.85,46.80,91.69,49.22,0.65,1416,0.76,49.41,41,Posicional,43.83,52.81,Defensivo,51.47,43.05,41.21,51.47,49.41,51.11,44.75,43.36,51.11,41,47,35,63,47
j-aguirre-athletico-paranaense-71,J. Aguirre,Athletico Paranaense,45.77,66.20,40.07,38.92,55.07,49.21,0.74,1611,0.82,49.35,42,Posicional,39.50,55.68,Defensivo,54.18,46.12,50.96,54.62,49.35,53.44,46.81,50.79,53.80,42,35,27,40,33
victor-gabriel-internacional-124,Victor Gabriel,Internacional,64.17,49.30,54.23,22.25,52.54,48.50,0.63,1364,0.74,48.89,43,Híbrido,38.24,55.34,Híbrido,47.64,37.44,48.71,47.64,48.89,48.25,40.70,49.04,48.25,43,53,51,49,53
victor-caetano-chapecoense-293,Victor Caetano,Chapecoense,41.86,58.19,35.77,76.99,25.49,47.66,0.33,719,0.49,48.86,44,Combativo,56.38,41.85,Defensivo,44.03,38.63,51.17,44.03,48.86,47.09,44.47,50.57,47.09,44,55,37,44,56
bastos-botafogo-337,Bastos,Botafogo,66.23,20.71,66.72,66.17,13.38,46.64,0.27,592,0.43,48.56,45,Combativo,66.44,33.44,Defensivo,38.39,31.26,55.86,38.39,48.56,45.04,42.00,52.50,45.04,45,60,47,33,60
maicon-coritiba-181,Maicon,Coritiba,27.86,39.40,27.04,72.64,70.00,47.39,0.53,1146,0.66,48.27,46,Posicional,49.84,45.75,Defensivo,46.37,39.29,44.14,46.37,48.27,47.59,42.91,46.12,47.59,46,54,43,55,54
camutanga-vit-ria-301,Camutanga,Vitória,48.67,50.70,24.49,32.49,73.10,45.89,0.32,696,0.48,48.04,47,Posicional,28.49,57.49,Defensivo,55.99,36.84,43.77,55.99,48.04,52.86,43.73,47.03,52.86,47,37,40,53,38
l-villalba-cruzeiro-249,L. Villalba,Cruzeiro,40.93,16.17,57.49,89.35,22.11,45.21,0.40,869,0.55,47.36,48,Construtor,73.42,26.40,Construtor,70.07,31.79,54.67,70.07,47.36,61.06,39.96,52.57,61.06,48,12,54,32,12
i-rom-n-atl-tico-mineiro-363,I. Román,Atlético Mineiro,58.54,59.44,23.06,37.46,36.20,42.94,0.23,489,0.38,47.32,49,Combativo,30.26,51.39,Defensivo,49.89,33.99,48.95,49.89,47.32,49.96,43.84,49.60,49.96,49,49,39,46,49
murilo-palmeiras-24,Murilo,Palmeiras,20.11,58.45,74.65,52.51,29.15,46.97,0.88,1900,0.92,47.22,50,Híbrido,63.58,35.90,Híbrido,51.13,35.19,50.90,51.13,47.22,51.04,36.37,50.83,51.04,50,48,59,39,48
gabriel-justino-botafogo-279,Gabriel Justino,Botafogo,66.18,24.51,27.38,24.86,78.45,44.27,0.36,774,0.51,47.07,51,Posicional,26.12,56.38,Defensivo,54.88,35.72,40.46,54.88,47.07,52.51,42.65,45.09,52.51,51,39,45,59,39
jo-o-marcelo-cruzeiro-365,João Marcelo,Cruzeiro,23.46,57.47,64.20,50.56,13.66,41.87,0.23,488,0.38,46.92,52,Construtor,57.38,31.53,Construtor,55.88,28.07,48.18,55.88,46.92,52.26,41.56,49.30,52.26,52,43,49,47,43
gabriel-paulista-corinthians-43,Gabriel Paulista,Corinthians,39.22,71.83,49.27,33.72,36.76,46.16,0.81,1754,0.87,46.65,53,Posicional,41.50,49.27,Defensivo,48.10,42.11,50.32,48.10,46.65,48.35,43.12,50.28,48.35,53,52,42,45,52
lyanco-atl-tico-mineiro-295,Lyanco,Atlético Mineiro,34.28,36.68,49.76,46.90,37.89,41.10,0.33,711,0.48,45.69,54,Híbrido,48.33,36.28,Híbrido,42.91,38.88,40.33,44.39,45.69,46.55,44.59,45.29,47.27,54,57,36,58,55
bruno-leonardo-chapecoense-93,Bruno Leonardo,Chapecoense,24.21,54.93,36.52,58.58,46.62,44.17,0.68,1478,0.78,45.45,55,Posicional,47.55,41.92,Defensivo,42.76,35.49,44.63,42.76,45.45,44.37,38.70,45.82,44.37,55,62,55,56,63
c-cuesta-vasco-da-gama-204,C. Cuesta,Vasco da Gama,42.62,50.13,73.59,33.35,12.82,42.50,0.48,1048,0.62,45.32,56,Construtor,53.47,35.19,Construtor,51.97,28.05,51.78,51.97,45.32,51.22,36.38,51.10,51.22,56,46,58,38,46
gustavo-henrique-corinthians-29,Gustavo Henrique,Corinthians,57.38,64.79,35.40,45.25,20.14,44.59,0.86,1863,0.91,45.10,57,Posicional,40.33,47.44,Defensivo,46.37,33.54,50.74,46.37,45.10,46.71,35.08,50.67,46.71,57,56,63,41,57
l-esquivel-athletico-paranaense-96,L. Esquivel,Athletico Paranaense,56.34,28.06,53.52,47.36,31.97,43.45,0.67,1456,0.77,44.94,58,Híbrido,50.44,38.79,Híbrido,45.20,37.10,48.79,45.34,44.94,46.30,40.05,49.06,46.41,58,58,53,48,58
wagner-leonardo-gr-mio-270,Wagner Leonardo,Grêmio,40.16,27.33,58.36,54.39,13.94,38.84,0.36,785,0.52,44.23,59,Combativo,56.38,27.14,Defensivo,31.53,26.10,43.99,31.53,44.23,40.49,37.70,46.91,40.49,59,67,56,54,67
lucas-oliveira-mirassol-343,Lucas Oliveira,Mirassol,20.14,30.79,44.36,35.31,43.52,34.83,0.25,551,0.41,43.77,60,Híbrido,39.84,31.48,Híbrido,36.08,26.70,33.74,36.84,43.77,44.35,40.54,43.40,44.66,60,63,52,62,62
newton-s-o-paulo-370,Newton,São Paulo,54.18,20.14,24.82,23.88,41.27,32.86,0.22,472,0.37,43.63,61,Combativo,24.35,38.53,Defensivo,37.03,25.33,34.74,37.03,43.63,45.15,40.78,44.30,45.15,61,59,50,61,59
s-ramos-mingo-bahia-14,S. Ramos Mingo,Bahia,19.79,33.10,78.87,47.18,37.32,43.25,0.93,2019,0.96,43.56,62,Construtor,63.03,30.07,Construtor,61.23,32.41,45.53,61.23,43.56,60.72,33.22,45.74,60.72,62,15,67,57,15
marllon-remo-5,Marllon,Remo,66.90,24.65,43.10,21.41,58.73,42.96,0.99,2138,0.99,43.02,63,Combativo,32.26,50.09,Defensivo,48.59,33.10,40.65,48.59,43.02,48.60,33.21,40.71,48.60,63,51,68,65,51
jemmes-fluminense-103,Jemmes,Fluminense,79.43,35.21,17.43,19.00,51.41,40.50,0.66,1436,0.77,42.73,64,Posicional,18.21,55.35,Defensivo,53.85,29.18,40.48,53.85,42.73,52.94,34.11,42.73,52.94,64,36,64,64,37
vit-o-flamengo-322,Vitão,Flamengo,20.42,49.02,47.46,32.96,14.79,32.93,0.30,641,0.45,42.27,65,Híbrido,40.21,28.08,Híbrido,34.75,22.44,38.46,34.75,42.27,43.03,37.40,44.72,43.03,65,65,57,60,65
gustavo-marques-red-bull-bragantino-49,Gustavo Marques,Red Bull Bragantino,27.27,21.13,48.59,34.08,66.34,39.48,0.78,1700,0.85,41.02,66,Híbrido,41.34,38.25,Híbrido,39.95,30.51,34.22,39.95,41.02,41.44,33.42,36.57,41.44,66,66,65,69,66
lucas-ver-ssimo-santos-136,Lucas Veríssimo,Santos,23.00,49.30,26.95,23.48,60.70,36.69,0.61,1325,0.73,40.33,67,Posicional,25.21,44.33,Defensivo,42.83,29.58,35.85,42.83,40.33,44.80,35.19,39.74,44.80,67,61,62,66,61
tiago-c-ser-coritiba-98,Tiago Cóser,Coritiba,20.20,43.66,36.81,33.52,51.41,37.12,0.67,1451,0.77,40.08,68,Híbrido,35.17,38.42,Híbrido,36.96,28.34,34.56,37.34,40.08,39.95,33.31,38.10,40.24,68,68,66,67,68
cac-vit-ria-84,Cacá,Vitória,33.94,31.69,19.14,35.21,55.63,35.12,0.71,1548,0.80,38.05,69,Híbrido,27.18,40.42,Híbrido,34.46,26.36,30.92,34.52,38.05,37.56,31.08,34.73,37.61,69,70,70,71,70
c-ter-n-athletico-paranaense-186,C. Terán,Athletico Paranaense,51.34,19.08,23.49,30.38,30.00,30.86,0.52,1125,0.65,37.50,70,Combativo,26.93,33.47,Defensivo,32.49,23.34,30.36,32.72,37.50,38.55,32.57,37.16,38.71,70,69,69,68,69
a-franco-tigres-uanl-168,A. Franco,Tigres UANL,23.37,17.61,41.88,41.59,15.35,27.96,0.56,1209,0.68,34.92,71,Combativo,41.73,18.78,Defensivo,22.22,19.26,30.34,22.33,34.92,30.94,28.92,36.52,31.02,71,71,71,70,71
