player_id,Jogador,Equipe,duelos_def,duelos_ar,passes_prog,passes_long,eficiencia_def,rating_mean,%Minutos,minutes,minutes_weight,rating_final,rank,perfil_cluster,con,def,perfil_m,m8_pre_shrink,m8_bonus,m8_raw,m8_final,rank_m8
l-o-pereira-flamengo-48,Léo Pereira,Flamengo,32.61,31.81,92.96,94.37,29.44,56.24,0.79,1722,0.86,55.37,14,Construtor,93.66,31.29,Construtor,87.28,0.00,87.28,81.98,1
l-o-ortiz-flamengo-67,Léo Ortiz,Flamengo,40.58,57.75,73.24,97.18,40.99,61.95,0.75,1618,0.83,59.88,5,Construtor,85.21,46.44,Construtor,80.09,0.00,80.09,74.96,2
pedro-henrique-red-bull-bragantino-184,Pedro Henrique,Red Bull Bragantino,75.43,60.56,81.21,84.20,86.62,77.61,0.52,1135,0.65,68.13,1,Construtor,82.70,74.20,Construtor,81.43,0.67,82.10,70.99,3
fabricio-bruno-cruzeiro-15,Fabricio Bruno,Cruzeiro,42.47,85.92,70.42,77.46,34.51,62.16,0.93,2013,0.95,61.59,3,Construtor,73.94,54.30,Construtor,70.99,0.00,70.99,70.03,4
arthur-dias-athletico-paranaense-20,Arthur Dias,Athletico Paranaense,42.60,15.89,56.34,90.85,42.68,49.67,0.90,1961,0.93,49.69,38,Construtor,73.59,33.72,Construtor,70.22,0.00,70.22,68.88,5
eduardo-doma-chapecoense-31,Eduardo Doma,Chapecoense,52.71,28.87,49.30,90.85,75.63,59.47,0.85,1832,0.90,58.49,7,Construtor,70.07,52.40,Construtor,67.42,0.00,67.42,65.68,6
bruno-gomes-internacional-16,Bruno Gomes,Internacional,64.08,13.38,81.69,56.34,40.42,51.18,0.92,1999,0.95,51.12,32,Construtor,69.02,39.29,Construtor,66.33,0.00,66.33,65.46,7
willian-machado-mirassol-73,Willian Machado,Mirassol,46.66,83.10,60.56,70.49,69.44,66.05,0.74,1600,0.82,63.18,2,Híbrido,65.53,66.40,Híbrido,66.01,0.00,66.01,63.16,8
david-duarte-bahia-87,David Duarte,Bahia,50.11,99.30,67.25,38.33,55.07,62.01,0.71,1534,0.80,59.60,6,Posicional,52.79,68.16,Defensivo,65.85,0.00,65.85,62.69,9
j-nior-alonso-atlanta-united-214,Júnior Alonso,Atlanta United,86.85,52.82,50.65,28.23,77.04,59.12,0.47,1013,0.61,55.56,11,Posicional,39.44,72.24,Defensivo,68.94,0.00,68.94,61.60,10
a-fr-as-santos-253,A. Frías,Santos,83.28,61.08,22.54,21.62,79.01,53.51,0.40,863,0.55,51.93,27,Posicional,22.08,74.46,Defensivo,70.83,0.00,70.83,61.48,11
l-villalba-cruzeiro-249,L. Villalba,Cruzeiro,40.93,16.17,57.49,89.35,22.11,45.21,0.40,869,0.55,47.36,48,Construtor,73.42,26.40,Construtor,70.07,0.00,70.07,61.06,12
ruan-tressoldi-atl-tico-mineiro-38,Ruan Tressoldi,Atlético Mineiro,78.87,29.58,48.89,41.20,85.21,56.75,0.82,1778,0.88,55.93,10,Posicional,45.05,64.55,Defensivo,62.41,0.00,62.41,60.91,13
f-torres-internacional-123,F. Torres,Internacional,82.67,35.21,51.99,52.02,82.96,60.97,0.63,1371,0.74,58.15,8,Posicional,52.01,66.95,Defensivo,64.71,0.00,64.71,60.89,14
s-ramos-mingo-bahia-14,S. Ramos Mingo,Bahia,19.79,33.10,78.87,47.18,37.32,43.25,0.93,2019,0.95,43.56,62,Construtor,63.03,30.07,Construtor,61.23,0.00,61.23,60.72,15
robert-renan-vasco-da-gama-8,Robert Renan,Vasco da Gama,62.68,40.85,85.21,38.73,49.72,55.44,0.98,2128,0.99,55.37,13,Construtor,61.97,51.08,Construtor,60.34,0.00,60.34,60.20,16
ign-cio-fluminense-238,Ignácio,Fluminense,81.96,60.56,32.04,41.05,68.87,56.90,0.42,920,0.57,53.95,16,Posicional,36.55,70.46,Defensivo,67.44,0.00,67.44,59.92,17
jacy-coritiba-70,Jacy,Coritiba,59.86,50.70,27.82,28.82,80.70,49.58,0.74,1613,0.82,49.65,40,Posicional,28.32,63.75,Defensivo,61.73,0.00,61.73,59.65,18
gabriel-xavier-shenzhen-peng-city-360,Gabriel Xavier,Shenzhen Peng City,57.75,82.34,41.47,68.23,92.54,68.46,0.23,500,0.38,57.12,9,Posicional,54.85,77.54,Defensivo,74.14,0.00,74.14,59.29,19
jo-o-victor-mirassol-2,João Victor,Mirassol,30.03,83.80,60.56,68.37,61.27,60.81,1.00,2167,1.00,60.81,4,Posicional,64.47,58.37,Defensivo,59.28,0.00,59.28,59.28,20
luan-c-ndido-vit-ria-164,Luan Cândido,Vitória,43.65,79.90,35.92,37.82,66.90,52.84,0.56,1224,0.69,51.96,26,Posicional,36.87,63.48,Defensivo,61.50,0.00,61.50,57.89,21
gabriel-mercado-internacional-159,Gabriel Mercado,Internacional,83.29,17.21,59.02,66.28,43.24,53.81,0.58,1263,0.70,52.68,22,Construtor,62.65,47.91,Construtor,60.92,0.00,60.92,57.66,22
j-freytes-fluminense-39,J. Freytes,Fluminense,61.27,35.21,51.41,69.01,39.86,51.35,0.82,1776,0.88,51.19,31,Construtor,60.21,45.45,Construtor,58.71,0.00,58.71,57.66,23
z-ivaldo-remo-296,Zé Ivaldo,Remo,73.47,48.58,48.78,43.64,78.17,58.53,0.33,706,0.49,54.11,15,Posicional,46.21,66.74,Defensivo,64.27,0.00,64.27,56.94,24
r-arboleda-s-o-paulo-304,R. Arboleda,São Paulo,56.34,78.11,31.00,39.35,65.21,54.00,0.32,685,0.48,51.89,28,Posicional,35.17,66.55,Defensivo,64.11,0.00,64.11,56.73,25
f-balbuena-gr-mio-306,F. Balbuena,Grêmio,52.88,42.37,72.78,58.20,60.70,57.39,0.31,676,0.47,53.46,18,Construtor,65.49,51.98,Construtor,63.46,0.51,63.98,56.53,26
gustavo-martins-gr-mio-146,Gustavo Martins,Grêmio,28.69,81.69,78.06,66.10,17.89,54.49,0.60,1311,0.72,53.24,20,Híbrido,72.08,42.76,Híbrido,58.88,0.00,58.88,56.37,27
alexander-barboza-palmeiras-100,Alexander Barboza,Palmeiras,59.86,65.49,59.15,59.15,30.28,54.79,0.67,1445,0.77,53.68,17,Construtor,59.15,51.88,Construtor,58.06,0.00,58.06,56.21,28
g-g-mez-palmeiras-27,G. Gómez,Palmeiras,64.08,59.86,29.10,59.29,48.87,52.24,0.87,1875,0.91,52.04,24,Posicional,44.20,57.60,Defensivo,56.10,0.00,56.10,55.58,29
sabino-s-o-paulo-97,Sabino,São Paulo,75.49,60.56,62.68,39.62,46.90,57.05,0.67,1452,0.77,55.43,12,Híbrido,51.15,60.98,Híbrido,56.56,0.00,56.56,55.06,30
n-ferraresi-botafogo-117,N. Ferraresi,Botafogo,33.10,50.00,67.60,58.21,64.08,54.60,0.64,1380,0.75,53.43,19,Híbrido,62.91,49.06,Híbrido,56.67,0.00,56.67,54.99,31
luan-peres-santos-118,Luan Peres,Santos,46.30,60.50,44.77,32.03,64.08,49.54,0.64,1377,0.75,49.66,39,Posicional,38.40,56.96,Defensivo,55.46,0.10,55.56,54.16,32
j-aguirre-athletico-paranaense-71,J. Aguirre,Athletico Paranaense,45.77,66.20,40.07,38.92,55.07,49.21,0.74,1611,0.82,49.35,42,Posicional,39.50,55.68,Defensivo,54.18,0.44,54.62,53.80,33
vitor-hugo-atl-tico-mineiro-328,Vitor Hugo,Atlético Mineiro,47.13,64.31,51.86,27.55,66.62,51.49,0.29,621,0.45,50.66,34,Posicional,39.70,59.35,Defensivo,57.85,0.00,57.85,53.51,34
rafael-tol-i-s-o-paulo-348,Rafael Tolói,São Paulo,57.97,66.96,51.22,68.42,30.28,54.97,0.25,537,0.41,52.01,25,Construtor,59.82,51.74,Construtor,58.61,0.00,58.61,53.50,35
kayky-almeida-remo-341,Kayky Almeida,Remo,63.41,63.07,42.94,62.47,52.54,56.89,0.26,565,0.42,52.87,21,Híbrido,52.70,59.67,Híbrido,56.54,0.98,57.52,53.13,36
jemmes-fluminense-103,Jemmes,Fluminense,79.43,35.21,17.43,19.00,51.41,40.50,0.66,1436,0.76,42.73,64,Posicional,18.21,55.35,Defensivo,53.85,0.00,53.85,52.94,37
camutanga-vit-ria-301,Camutanga,Vitória,48.67,50.70,24.49,32.49,73.10,45.89,0.32,696,0.48,48.04,47,Posicional,28.49,57.49,Defensivo,55.99,0.00,55.99,52.86,38
gabriel-justino-botafogo-279,Gabriel Justino,Botafogo,66.18,24.51,27.38,24.86,78.45,44.27,0.36,774,0.51,47.07,51,Posicional,26.12,56.38,Defensivo,54.88,0.00,54.88,52.51,39
jonathan-cruzeiro-145,Jonathan,Cruzeiro,60.67,31.77,38.39,49.99,72.25,50.61,0.61,1312,0.73,50.44,35,Posicional,44.19,54.90,Defensivo,53.40,0.00,53.40,52.46,40
bruno-fuchs-palmeiras-336,Bruno Fuchs,Palmeiras,56.14,28.30,40.01,73.86,48.59,49.38,0.28,598,0.44,49.73,37,Construtor,56.94,44.34,Construtor,55.44,0.00,55.44,52.38,41
andr-ramalho-corinthians-318,André Ramalho,Corinthians,32.90,87.89,84.02,26.38,41.55,54.55,0.30,647,0.46,52.07,23,Construtor,55.20,54.11,Construtor,55.04,0.00,55.04,52.30,42
jo-o-marcelo-cruzeiro-365,João Marcelo,Cruzeiro,23.46,57.47,64.20,50.56,13.66,41.87,0.23,488,0.38,46.92,52,Construtor,57.38,31.53,Construtor,55.88,0.00,55.88,52.26,43
alix-red-bull-bragantino-66,Alix,Red Bull Bragantino,28.17,54.93,60.56,59.86,46.90,50.08,0.75,1620,0.83,50.07,36,Híbrido,60.21,43.33,Híbrido,52.62,0.00,52.62,52.17,44
a-saldivia-vasco-da-gama-194,A. Saldivia,Vasco da Gama,50.34,72.02,52.48,48.09,39.86,52.56,0.50,1078,0.64,51.62,30,Híbrido,50.28,54.07,Híbrido,52.37,0.34,52.71,51.73,45
c-cuesta-vasco-da-gama-204,C. Cuesta,Vasco da Gama,42.62,50.13,73.59,33.35,12.82,42.50,0.48,1048,0.62,45.32,56,Construtor,53.47,35.19,Construtor,51.97,0.00,51.97,51.22,46
d-tchamba-remo-109,D. Tchamba,Remo,31.54,35.21,40.85,46.80,91.69,49.22,0.65,1416,0.76,49.41,41,Posicional,43.83,52.81,Defensivo,51.47,0.00,51.47,51.11,47
murilo-palmeiras-24,Murilo,Palmeiras,20.11,58.45,74.65,52.51,29.15,46.97,0.88,1900,0.92,47.22,50,Híbrido,63.58,35.90,Híbrido,51.13,0.00,51.13,51.04,48
i-rom-n-atl-tico-mineiro-363,I. Román,Atlético Mineiro,58.54,59.44,23.06,37.46,36.20,42.94,0.23,489,0.38,47.32,49,Combativo,30.26,51.39,Defensivo,49.89,0.00,49.89,49.96,49
jo-o-paulo-chapecoense-338,João Paulo,Chapecoense,26.45,83.63,55.22,73.07,23.80,52.44,0.27,589,0.43,51.04,33,Posicional,64.14,44.63,Defensivo,47.55,0.00,47.55,48.96,50
marllon-remo-5,Marllon,Remo,66.90,24.65,43.10,21.41,58.73,42.96,0.99,2138,0.99,43.02,63,Combativo,32.26,50.09,Defensivo,48.59,0.00,48.59,48.60,51
gabriel-paulista-corinthians-43,Gabriel Paulista,Corinthians,39.22,71.83,49.27,33.72,36.76,46.16,0.81,1754,0.87,46.65,53,Posicional,41.50,49.27,Defensivo,48.10,0.00,48.10,48.35,52
victor-gabriel-internacional-124,Victor Gabriel,Internacional,64.17,49.30,54.23,22.25,52.54,48.50,0.63,1364,0.74,48.89,43,Híbrido,38.24,55.34,Híbrido,47.64,0.00,47.64,48.25,53
maicon-coritiba-181,Maicon,Coritiba,27.86,39.40,27.04,72.64,70.00,47.39,0.53,1146,0.66,48.27,46,Posicional,49.84,45.75,Defensivo,46.37,0.00,46.37,47.59,54
lyanco-atl-tico-mineiro-295,Lyanco,Atlético Mineiro,34.28,36.68,49.76,46.90,37.89,41.10,0.33,711,0.49,45.69,54,Híbrido,48.33,36.28,Híbrido,42.91,1.48,44.39,47.27,55
victor-caetano-chapecoense-293,Victor Caetano,Chapecoense,41.86,58.19,35.77,76.99,25.49,47.66,0.33,719,0.49,48.86,44,Combativo,56.38,41.85,Defensivo,44.03,0.00,44.03,47.09,56
gustavo-henrique-corinthians-29,Gustavo Henrique,Corinthians,57.38,64.79,35.40,45.25,20.14,44.59,0.86,1863,0.91,45.10,57,Posicional,40.33,47.44,Defensivo,46.37,0.00,46.37,46.71,57
l-esquivel-athletico-paranaense-96,L. Esquivel,Athletico Paranaense,56.34,28.06,53.52,47.36,31.97,43.45,0.67,1456,0.77,44.94,58,Híbrido,50.44,38.79,Híbrido,45.20,0.15,45.34,46.41,58
newton-s-o-paulo-370,Newton,São Paulo,54.18,20.14,24.82,23.88,41.27,32.86,0.22,472,0.37,43.63,61,Combativo,24.35,38.53,Defensivo,37.03,0.00,37.03,45.15,59
bastos-botafogo-337,Bastos,Botafogo,66.23,20.71,66.72,66.17,13.38,46.64,0.27,592,0.43,48.56,45,Combativo,66.44,33.44,Defensivo,38.39,0.00,38.39,45.04,60
lucas-ver-ssimo-santos-136,Lucas Veríssimo,Santos,23.00,49.30,26.95,23.48,60.70,36.69,0.61,1325,0.73,40.33,67,Posicional,25.21,44.33,Defensivo,42.83,0.00,42.83,44.80,61
lucas-oliveira-mirassol-343,Lucas Oliveira,Mirassol,20.14,30.79,44.36,35.31,43.52,34.83,0.25,551,0.41,43.77,60,Híbrido,39.84,31.48,Híbrido,36.08,0.77,36.84,44.66,62
bruno-leonardo-chapecoense-93,Bruno Leonardo,Chapecoense,24.21,54.93,36.52,58.58,46.62,44.17,0.68,1478,0.78,45.45,55,Posicional,47.55,41.92,Defensivo,42.76,0.00,42.76,44.37,63
viery-fiorentina-138,Viery,Fiorentina,92.25,30.48,42.96,34.51,61.83,52.41,0.61,1323,0.73,51.75,29,Construtor,38.73,61.52,Construtor,42.15,0.00,42.15,44.31,64
vit-o-flamengo-322,Vitão,Flamengo,20.42,49.02,47.46,32.96,14.79,32.93,0.30,641,0.46,42.27,65,Híbrido,40.21,28.08,Híbrido,34.75,0.00,34.75,43.03,65
gustavo-marques-red-bull-bragantino-49,Gustavo Marques,Red Bull Bragantino,27.27,21.13,48.59,34.08,66.34,39.48,0.78,1700,0.85,41.02,66,Híbrido,41.34,38.25,Híbrido,39.95,0.00,39.95,41.44,66
wagner-leonardo-gr-mio-270,Wagner Leonardo,Grêmio,40.16,27.33,58.36,54.39,13.94,38.84,0.36,785,0.51,44.23,59,Combativo,56.38,27.14,Defensivo,31.53,0.00,31.53,40.49,67
tiago-c-ser-coritiba-98,Tiago Cóser,Coritiba,20.20,43.66,36.81,33.52,51.41,37.12,0.67,1451,0.77,40.08,68,Híbrido,35.17,38.42,Híbrido,36.96,0.39,37.34,40.24,68
c-ter-n-athletico-paranaense-186,C. Terán,Athletico Paranaense,51.34,19.08,23.49,30.38,30.00,30.86,0.52,1125,0.65,37.50,70,Combativo,26.93,33.47,Defensivo,32.49,0.23,32.72,38.71,69
cac-vit-ria-84,Cacá,Vitória,33.94,31.69,19.14,35.21,55.63,35.12,0.71,1548,0.80,38.05,69,Híbrido,27.18,40.42,Híbrido,34.46,0.06,34.52,37.61,70
a-franco-tigres-uanl-168,A. Franco,Tigres UANL,23.37,17.61,41.88,41.59,15.35,27.96,0.56,1209,0.69,34.92,71,Combativo,41.73,18.78,Defensivo,22.22,0.11,22.33,31.02,71
