player_id,Jogador,Equipe,duelos_def,duelos_ar,passes_prog,passes_long,eficiencia_def,rating_mean,%Minutos,minutes,minutes_weight,rating_final,rank,perfil_cluster,con,def,perfil_m,m8_pre_shrink,m8_bonus,m8_raw,m8_final,rank_m8,nota_global,nota_perfil
l-o-pereira-flamengo-48,Léo Pereira,Flamengo,32.610,31.810,92.960,94.370,29.440,56.240,0.790,1722,0.858,55.370,14,Construtor,93.665,31.287,Construtor,87.278,0.000,87.278,81.982,1,8.082,7.853
l-o-ortiz-flamengo-67,Léo Ortiz,Flamengo,40.580,57.750,73.240,97.180,40.990,61.950,0.750,1618,0.829,59.880,5,Construtor,85.210,46.440,Construtor,80.091,0.000,80.091,74.959,2,7.872,7.525
pedro-henrique-red-bull-bragantino-184,Pedro Henrique,Red Bull Bragantino,75.430,60.560,81.210,84.200,86.620,77.610,0.520,1135,0.654,68.130,1,Construtor,82.705,74.203,Construtor,81.430,0.673,82.103,70.987,3,7.702,7.283
fabricio-bruno-cruzeiro-15,Fabricio Bruno,Cruzeiro,42.470,85.920,70.420,77.460,34.510,62.160,0.930,2013,0.954,61.590,3,Construtor,73.940,54.300,Construtor,70.994,0.000,70.994,70.027,4,7.654,7.219
arthur-dias-athletico-paranaense-20,Arthur Dias,Athletico Paranaense,42.600,15.890,56.340,90.850,42.680,49.670,0.900,1961,0.934,49.690,38,Construtor,73.595,33.723,Construtor,70.218,0.000,70.218,68.880,5,7.593,7.139
eduardo-doma-chapecoense-31,Eduardo Doma,Chapecoense,52.710,28.870,49.300,90.850,75.630,59.470,0.850,1832,0.900,58.490,7,Construtor,70.075,52.403,Construtor,67.424,0.000,67.424,65.677,6,7.405,6.904
bruno-gomes-internacional-16,Bruno Gomes,Internacional,64.080,13.380,81.690,56.340,40.420,51.180,0.920,1999,0.947,51.120,32,Construtor,69.015,39.293,Construtor,66.325,0.000,66.325,65.464,7,7.391,6.888
willian-machado-mirassol-73,Willian Machado,Mirassol,46.660,83.100,60.560,70.490,69.440,66.050,0.740,1600,0.822,63.180,2,Híbrido,65.525,66.400,Híbrido,66.006,0.000,66.006,63.161,8,7.237,7.755
david-duarte-bahia-87,David Duarte,Bahia,50.110,99.300,67.250,38.330,55.070,62.010,0.710,1534,0.800,59.600,6,Posicional,52.790,68.160,Defensivo,65.854,0.000,65.854,62.690,9,7.204,7.466
j-nior-alonso-atlanta-united-214,Júnior Alonso,Atlanta United,86.850,52.820,50.650,28.230,77.040,59.120,0.470,1013,0.612,55.560,11,Posicional,39.440,72.237,Defensivo,68.944,0.000,68.944,61.597,10,7.125,7.354
a-fr-as-santos-253,A. Frías,Santos,83.280,61.080,22.540,21.620,79.010,53.510,0.400,863,0.551,51.930,27,Posicional,22.080,74.457,Defensivo,70.831,0.000,70.831,61.483,11,7.116,7.342
l-villalba-cruzeiro-249,L. Villalba,Cruzeiro,40.930,16.170,57.490,89.350,22.110,45.210,0.400,869,0.551,47.360,48,Construtor,73.420,26.403,Construtor,70.069,0.000,70.069,61.063,12,7.085,6.543
ruan-tressoldi-atl-tico-mineiro-38,Ruan Tressoldi,Atlético Mineiro,78.870,29.580,48.890,41.200,85.210,56.750,0.820,1778,0.879,55.930,10,Posicional,45.045,64.553,Defensivo,62.413,0.000,62.413,60.911,13,7.074,7.280
f-torres-internacional-123,F. Torres,Internacional,82.670,35.210,51.990,52.020,82.960,60.970,0.630,1371,0.741,58.150,8,Posicional,52.005,66.947,Defensivo,64.705,0.000,64.705,60.891,14,7.072,7.278
s-ramos-mingo-bahia-14,S. Ramos Mingo,Bahia,19.790,33.100,78.870,47.180,37.320,43.250,0.930,2019,0.954,43.560,62,Construtor,63.025,30.070,Construtor,61.234,0.000,61.234,60.716,15,7.059,6.515
robert-renan-vasco-da-gama-8,Robert Renan,Vasco da Gama,62.680,40.850,85.210,38.730,49.720,55.440,0.980,2128,0.987,55.370,13,Construtor,61.970,51.083,Construtor,60.337,0.000,60.337,60.202,16,7.020,6.474
ign-cio-fluminense-238,Ignácio,Fluminense,81.960,60.560,32.040,41.050,68.870,56.900,0.420,920,0.569,53.950,16,Posicional,36.545,70.463,Defensivo,67.437,0.000,67.437,59.921,17,6.999,7.167
jacy-coritiba-70,Jacy,Coritiba,59.860,50.700,27.820,28.820,80.700,49.580,0.740,1613,0.822,49.650,40,Posicional,28.320,63.753,Defensivo,61.733,0.000,61.733,59.647,18,6.977,7.134
gabriel-xavier-shenzhen-peng-city-360,Gabriel Xavier,Shenzhen Peng City,57.750,82.340,41.470,68.230,92.540,68.460,0.230,500,0.385,57.120,9,Posicional,54.850,77.543,Defensivo,74.139,0.000,74.139,59.286,19,6.949,7.091
jo-o-victor-mirassol-2,João Victor,Mirassol,30.030,83.800,60.560,68.370,61.270,60.810,1.000,2167,1.000,60.810,4,Posicional,64.465,58.367,Defensivo,59.281,0.000,59.281,59.281,20,6.949,7.090
luan-c-ndido-vit-ria-164,Luan Cândido,Vitória,43.650,79.900,35.920,37.820,66.900,52.840,0.560,1224,0.686,51.960,26,Posicional,36.870,63.483,Defensivo,61.504,0.000,61.504,57.891,21,6.839,6.916
gabriel-mercado-internacional-159,Gabriel Mercado,Internacional,83.290,17.210,59.020,66.280,43.240,53.810,0.580,1263,0.702,52.680,22,Construtor,62.650,47.913,Construtor,60.915,0.000,60.915,57.660,22,6.820,6.273
j-freytes-fluminense-39,J. Freytes,Fluminense,61.270,35.210,51.410,69.010,39.860,51.350,0.820,1776,0.879,51.190,31,Construtor,60.210,45.447,Construtor,58.710,0.000,58.710,57.656,23,6.820,6.273
z-ivaldo-remo-296,Zé Ivaldo,Remo,73.470,48.580,48.780,43.640,78.170,58.530,0.330,706,0.486,54.110,15,Posicional,46.210,66.740,Defensivo,64.272,0.000,64.272,56.942,24,6.762,6.792
r-arboleda-s-o-paulo-304,R. Arboleda,São Paulo,56.340,78.110,31.000,39.350,65.210,54.000,0.320,685,0.477,51.890,28,Posicional,35.175,66.553,Defensivo,64.113,0.000,64.113,56.729,25,6.745,6.764
f-balbuena-gr-mio-306,F. Balbuena,Grêmio,52.880,42.370,72.780,58.200,60.700,57.390,0.310,676,0.467,53.460,18,Construtor,65.490,51.983,Construtor,63.464,0.514,63.978,56.529,26,6.728,6.185
gustavo-martins-gr-mio-146,Gustavo Martins,Grêmio,28.690,81.690,78.060,66.100,17.890,54.490,0.600,1311,0.717,53.240,20,Híbrido,72.080,42.757,Híbrido,58.885,0.000,58.885,56.374,27,6.716,7.243
alexander-barboza-palmeiras-100,Alexander Barboza,Palmeiras,59.860,65.490,59.150,59.150,30.280,54.790,0.670,1445,0.771,53.680,17,Construtor,59.150,51.877,Construtor,58.059,0.000,58.059,56.212,28,6.703,6.161
g-g-mez-palmeiras-27,G. Gómez,Palmeiras,64.080,59.860,29.100,59.290,48.870,52.240,0.870,1875,0.913,52.040,24,Posicional,44.195,57.603,Defensivo,56.103,0.000,56.103,55.575,29,6.650,6.609
sabino-s-o-paulo-97,Sabino,São Paulo,75.490,60.560,62.680,39.620,46.900,57.050,0.670,1452,0.771,55.430,12,Híbrido,51.150,60.983,Híbrido,56.558,0.000,56.558,55.055,30,6.607,7.119
n-ferraresi-botafogo-117,N. Ferraresi,Botafogo,33.100,50.000,67.600,58.210,64.080,54.600,0.640,1380,0.748,53.430,19,Híbrido,62.905,49.060,Híbrido,56.675,0.000,56.675,54.994,31,6.602,7.113
luan-peres-santos-118,Luan Peres,Santos,46.300,60.500,44.770,32.030,64.080,49.540,0.640,1377,0.748,49.660,39,Posicional,38.400,56.960,Defensivo,55.460,0.103,55.563,54.162,32,6.534,6.418
j-aguirre-athletico-paranaense-71,J. Aguirre,Athletico Paranaense,45.770,66.200,40.070,38.920,55.070,49.210,0.740,1611,0.822,49.350,42,Posicional,39.495,55.680,Defensivo,54.180,0.440,54.620,53.799,33,6.503,6.368
vitor-hugo-atl-tico-mineiro-328,Vitor Hugo,Atlético Mineiro,47.130,64.310,51.860,27.550,66.620,51.490,0.290,621,0.447,50.660,34,Posicional,39.705,59.353,Defensivo,57.853,0.000,57.853,53.512,34,6.480,6.330
rafael-tol-i-s-o-paulo-348,Rafael Tolói,São Paulo,57.970,66.960,51.220,68.420,30.280,54.970,0.250,537,0.406,52.010,25,Construtor,59.820,51.737,Construtor,58.608,0.000,58.608,53.496,35,6.478,5.958
kayky-almeida-remo-341,Kayky Almeida,Remo,63.410,63.070,42.940,62.470,52.540,56.890,0.260,565,0.417,52.870,21,Híbrido,52.705,59.673,Híbrido,56.538,0.983,57.521,53.133,36,6.448,6.927
jemmes-fluminense-103,Jemmes,Fluminense,79.430,35.210,17.430,19.000,51.410,40.500,0.660,1436,0.763,42.730,64,Posicional,18.215,55.350,Defensivo,53.850,0.000,53.850,52.939,37,6.432,6.253
camutanga-vit-ria-301,Camutanga,Vitória,48.670,50.700,24.490,32.490,73.100,45.890,0.320,696,0.477,48.040,47,Posicional,28.490,57.490,Defensivo,55.990,0.000,55.990,52.856,38,6.425,6.242
gabriel-justino-botafogo-279,Gabriel Justino,Botafogo,66.180,24.510,27.380,24.860,78.450,44.270,0.360,774,0.515,47.070,51,Posicional,26.120,56.380,Defensivo,54.880,0.000,54.880,52.512,39,6.397,6.196
jonathan-cruzeiro-145,Jonathan,Cruzeiro,60.670,31.770,38.390,49.990,72.250,50.610,0.610,1312,0.725,50.440,35,Posicional,44.190,54.897,Defensivo,53.397,0.000,53.397,52.463,40,6.393,6.189
bruno-fuchs-palmeiras-336,Bruno Fuchs,Palmeiras,56.140,28.300,40.010,73.860,48.590,49.380,0.280,598,0.437,49.730,37,Construtor,56.935,44.343,Construtor,55.435,0.000,55.435,52.376,41,6.386,5.878
andr-ramalho-corinthians-318,André Ramalho,Corinthians,32.900,87.890,84.020,26.380,41.550,54.550,0.300,647,0.457,52.070,23,Construtor,55.200,54.113,Construtor,55.037,0.000,55.037,52.303,42,6.380,5.873
jo-o-marcelo-cruzeiro-365,João Marcelo,Cruzeiro,23.460,57.470,64.200,50.560,13.660,41.870,0.230,488,0.385,46.920,52,Construtor,57.380,31.530,Construtor,55.880,0.000,55.880,52.262,43,6.376,5.870
alix-red-bull-bragantino-66,Alix,Red Bull Bragantino,28.170,54.930,60.560,59.860,46.900,50.080,0.750,1620,0.829,50.070,36,Híbrido,60.210,43.333,Híbrido,52.616,0.002,52.617,52.171,44,6.369,6.826
a-saldivia-vasco-da-gama-194,A. Saldivia,Vasco da Gama,50.340,72.020,52.480,48.090,39.860,52.560,0.500,1078,0.637,51.620,30,Híbrido,50.285,54.073,Híbrido,52.369,0.343,52.711,51.728,45,6.332,6.780
c-cuesta-vasco-da-gama-204,C. Cuesta,Vasco da Gama,42.620,50.130,73.590,33.350,12.820,42.500,0.480,1048,0.621,45.320,56,Construtor,53.470,35.190,Construtor,51.970,0.000,51.970,51.223,46,6.291,5.798
d-tchamba-remo-109,D. Tchamba,Remo,31.540,35.210,40.850,46.800,91.690,49.220,0.650,1416,0.756,49.410,41,Posicional,43.825,52.813,Defensivo,51.465,0.000,51.465,51.107,47,6.282,6.014
murilo-palmeiras-24,Murilo,Palmeiras,20.110,58.450,74.650,52.510,29.150,46.970,0.880,1900,0.920,47.220,50,Híbrido,63.580,35.903,Híbrido,51.126,0.000,51.126,51.036,48,6.276,6.706
i-rom-n-atl-tico-mineiro-363,I. Román,Atlético Mineiro,58.540,59.440,23.060,37.460,36.200,42.940,0.230,489,0.385,47.320,49,Combativo,30.260,51.393,Defensivo,49.893,0.000,49.893,49.959,49,6.189,7.226
jo-o-paulo-chapecoense-338,João Paulo,Chapecoense,26.450,83.630,55.220,73.070,23.800,52.440,0.270,589,0.427,51.040,33,Posicional,64.145,44.627,Defensivo,47.554,0.000,47.554,48.956,50,6.109,5.754
marllon-remo-5,Marllon,Remo,66.900,24.650,43.100,21.410,58.730,42.960,0.990,2138,0.993,43.020,63,Combativo,32.255,50.093,Defensivo,48.593,0.000,48.593,48.602,51,6.081,7.087
gabriel-paulista-corinthians-43,Gabriel Paulista,Corinthians,39.220,71.830,49.270,33.720,36.760,46.160,0.810,1754,0.872,46.650,53,Posicional,41.495,49.270,Defensivo,48.104,0.000,48.104,48.346,52,6.061,5.685
victor-gabriel-internacional-124,Victor Gabriel,Internacional,64.170,49.300,54.230,22.250,52.540,48.500,0.630,1364,0.741,48.890,43,Híbrido,38.240,55.337,Híbrido,47.643,0.000,47.643,48.255,53,6.054,6.404
maicon-coritiba-181,Maicon,Coritiba,27.860,39.400,27.040,72.640,70.000,47.390,0.530,1146,0.662,48.270,46,Posicional,49.840,45.753,Defensivo,46.366,0.000,46.366,47.595,54,6.003,5.605
lyanco-atl-tico-mineiro-295,Lyanco,Atlético Mineiro,34.280,36.680,49.760,46.900,37.890,41.100,0.330,711,0.486,45.690,54,Híbrido,48.330,36.283,Híbrido,42.909,1.479,44.388,47.270,55,5.978,6.298
victor-caetano-chapecoense-293,Victor Caetano,Chapecoense,41.860,58.190,35.770,76.990,25.490,47.660,0.330,719,0.486,48.860,44,Combativo,56.380,41.847,Defensivo,44.027,0.000,44.027,47.094,56,5.965,6.923
gustavo-henrique-corinthians-29,Gustavo Henrique,Corinthians,57.380,64.790,35.400,45.250,20.140,44.590,0.860,1863,0.907,45.100,57,Posicional,40.325,47.437,Defensivo,46.370,0.000,46.370,46.709,57,5.936,5.515
l-esquivel-athletico-paranaense-96,L. Esquivel,Athletico Paranaense,56.340,28.060,53.520,47.360,31.970,43.450,0.670,1456,0.771,44.940,58,Híbrido,50.440,38.790,Híbrido,45.198,0.146,45.344,46.411,58,5.913,6.206
newton-s-o-paulo-370,Newton,São Paulo,54.180,20.140,24.820,23.880,41.270,32.860,0.220,472,0.374,43.630,61,Combativo,24.350,38.530,Defensivo,37.030,0.000,37.030,45.153,59,5.822,6.701
bastos-botafogo-337,Bastos,Botafogo,66.230,20.710,66.720,66.170,13.380,46.640,0.270,592,0.427,48.560,45,Combativo,66.445,33.440,Defensivo,38.391,0.000,38.391,45.043,60,5.814,6.688
lucas-ver-ssimo-santos-136,Lucas Veríssimo,Santos,23.000,49.300,26.950,23.480,60.700,36.690,0.610,1325,0.725,40.330,67,Posicional,25.215,44.333,Defensivo,42.833,0.000,42.833,44.803,61,5.797,5.342
lucas-oliveira-mirassol-343,Lucas Oliveira,Mirassol,20.140,30.790,44.360,35.310,43.520,34.830,0.250,551,0.406,43.770,60,Híbrido,39.835,31.483,Híbrido,36.077,0.768,36.844,44.657,62,5.787,6.024
bruno-leonardo-chapecoense-93,Bruno Leonardo,Chapecoense,24.210,54.930,36.520,58.580,46.620,44.170,0.680,1478,0.778,45.450,55,Posicional,47.550,41.920,Defensivo,42.764,0.000,42.764,44.369,63,5.766,5.307
viery-fiorentina-138,Viery,Fiorentina,92.250,30.480,42.960,34.510,61.830,52.410,0.610,1323,0.725,51.750,29,Construtor,38.735,61.520,Construtor,42.153,0.000,42.153,44.309,64,5.762,5.389
vit-o-flamengo-322,Vitão,Flamengo,20.420,49.020,47.460,32.960,14.790,32.930,0.300,641,0.457,42.270,65,Híbrido,40.210,28.077,Híbrido,34.750,0.000,34.750,43.027,65,5.675,5.863
gustavo-marques-red-bull-bragantino-49,Gustavo Marques,Red Bull Bragantino,27.270,21.130,48.590,34.080,66.340,39.480,0.780,1700,0.851,41.020,66,Híbrido,41.335,38.247,Híbrido,39.945,0.000,39.945,41.445,66,5.574,5.716
wagner-leonardo-gr-mio-270,Wagner Leonardo,Grêmio,40.160,27.330,58.360,54.390,13.940,38.840,0.360,785,0.515,44.230,59,Combativo,56.375,27.143,Defensivo,31.528,0.000,31.528,40.492,67,5.517,6.153
tiago-c-ser-coritiba-98,Tiago Cóser,Coritiba,20.200,43.660,36.810,33.520,51.410,37.120,0.670,1451,0.771,40.080,68,Híbrido,35.165,38.423,Híbrido,36.957,0.387,37.344,40.244,68,5.502,5.612
c-ter-n-athletico-paranaense-186,C. Terán,Athletico Paranaense,51.340,19.080,23.490,30.380,30.000,30.860,0.520,1125,0.654,37.500,70,Combativo,26.935,33.473,Defensivo,32.493,0.231,32.723,38.706,69,5.416,5.953
cac-vit-ria-84,Cacá,Vitória,33.940,31.690,19.140,35.210,55.630,35.120,0.710,1548,0.800,38.050,69,Híbrido,27.175,40.420,Híbrido,34.460,0.065,34.525,37.613,70,5.359,5.409
a-franco-tigres-uanl-168,A. Franco,Tigres UANL,23.370,17.610,41.880,41.590,15.350,27.960,0.560,1209,0.686,34.920,71,Combativo,41.735,18.777,Defensivo,22.220,0.113,22.333,31.021,71,5.082,5.266
