player_id,Jogador,Equipe,proposta,perfil_m,con_atual,def,nota_atual,rank_atual,con_opcao_b,nota_opcao_b,rank_opcao_b,passes_prog,passes_long,construcao,delta_con,delta_rank
l-o-pereira-flamengo-48,Léo Pereira,Flamengo,Construtor,Construtor,93.66,31.28,8.08,1,95.07,8.03,1,92.96,94.37,95.07,1.41,0
l-o-ortiz-flamengo-67,Léo Ortiz,Flamengo,Construtor,Construtor,85.21,46.44,7.86,2,95.07,7.99,2,73.24,97.18,95.07,9.86,0
pedro-henrique-red-bull-bragantino-184,Pedro Henrique,Red Bull Bragantino,Construtor,Construtor,82.71,74.20,7.70,3,83.38,7.61,4,81.21,84.20,83.38,0.67,-1
fabricio-bruno-cruzeiro-15,Fabricio Bruno,Cruzeiro,Construtor,Construtor,73.94,54.30,7.64,4,80.99,7.80,3,70.42,77.46,80.99,7.04,1
arthur-dias-athletico-paranaense-20,Arthur Dias,Athletico Paranaense,Construtor,Construtor,73.59,33.72,7.59,5,76.76,7.61,4,56.34,90.85,76.76,3.17,1
eduardo-doma-chapecoense-31,Eduardo Doma,Chapecoense,Defensor de Área,Construtor,70.07,52.41,7.39,6,69.01,7.24,9,49.30,90.85,69.01,-1.06,-3
bruno-gomes-internacional-16,Bruno Gomes,Internacional,Combativo,Construtor,69.01,39.30,7.38,7,76.06,7.60,6,81.69,56.34,76.06,7.04,1
willian-machado-mirassol-73,Willian Machado,Mirassol,Defensor de Área,Híbrido,65.53,66.40,7.23,8,66.32,7.15,10,60.56,70.49,66.32,0.80,-2
david-duarte-bahia-87,David Duarte,Bahia,Defensor de Área,Defensivo,52.79,68.16,7.19,9,51.78,7.09,11,67.25,38.33,51.78,-1.01,-2
j-nior-alonso-atlanta-united-214,Júnior Alonso,Atlanta United,Combativo,Defensivo,39.44,72.24,7.11,10,42.08,6.99,12,50.65,28.23,42.08,2.64,-2
a-fr-as-santos-253,A. Frías,Santos,Combativo,Defensivo,22.08,74.46,7.11,10,20.21,6.99,12,22.54,21.62,20.21,-1.86,-2
l-villalba-cruzeiro-249,L. Villalba,Cruzeiro,Construtor,Construtor,73.42,26.40,7.08,12,68.53,6.82,22,57.49,89.35,68.53,-4.90,-10
f-torres-internacional-123,F. Torres,Internacional,Combativo,Defensivo,52.01,66.95,7.07,13,50.92,6.97,14,51.99,52.02,50.92,-1.08,-1
ruan-tressoldi-atl-tico-mineiro-38,Ruan Tressoldi,Atlético Mineiro,Defensor de Área,Defensivo,45.04,64.55,7.07,13,40.85,6.94,15,48.89,41.20,40.85,-4.20,-2
s-ramos-mingo-bahia-14,S. Ramos Mingo,Bahia,Construtor,Construtor,63.03,30.07,7.05,15,68.31,7.25,8,78.87,47.18,68.31,5.28,7
robert-renan-vasco-da-gama-8,Robert Renan,Vasco da Gama,Construtor,Construtor,61.97,51.08,7.01,16,71.13,7.43,7,85.21,38.73,71.13,9.15,9
ign-cio-fluminense-238,Ignácio,Fluminense,Defensor de Área,Defensivo,36.55,70.46,7.00,17,34.42,6.88,16,32.04,41.05,34.42,-2.12,1
jacy-coritiba-70,Jacy,Coritiba,Defensor de Área,Defensivo,28.32,63.76,6.97,18,25.27,6.85,20,27.82,28.82,25.27,-3.05,-2
jo-o-victor-mirassol-2,João Victor,Mirassol,Defensor de Área,Defensivo,64.46,58.37,6.94,19,66.51,6.88,16,60.56,68.37,66.51,2.05,3
gabriel-xavier-shenzhen-peng-city-360,Gabriel Xavier,Shenzhen Peng City,Defensor de Área,Defensivo,54.85,77.54,6.94,19,45.85,6.82,22,41.47,68.23,45.85,-9.00,-3
luan-c-ndido-vit-ria-164,Luan Cândido,Vitória,Defensor de Área,Defensivo,36.87,63.48,6.83,21,36.36,6.73,24,35.92,37.82,36.36,-0.50,-3
j-freytes-fluminense-39,J. Freytes,Fluminense,Construtor,Construtor,60.21,45.45,6.81,22,59.15,6.68,25,51.41,69.01,59.15,-1.06,-3
gabriel-mercado-internacional-159,Gabriel Mercado,Internacional,Combativo,Construtor,62.65,47.91,6.81,22,58.34,6.52,33,59.02,66.28,58.34,-4.31,-11
z-ivaldo-remo-296,Zé Ivaldo,Remo,Combativo,Defensivo,46.21,66.74,6.75,24,38.49,6.66,26,48.78,43.64,38.49,-7.72,-2
r-arboleda-s-o-paulo-304,R. Arboleda,São Paulo,Defensor de Área,Defensivo,35.18,66.55,6.73,25,33.91,6.64,28,31.00,39.35,33.91,-1.27,-3
f-balbuena-gr-mio-306,F. Balbuena,Grêmio,Combativo,Construtor,65.49,51.99,6.72,26,72.63,6.86,18,72.78,58.20,72.63,7.14,8
gustavo-martins-gr-mio-146,Gustavo Martins,Grêmio,Defensor de Área,Híbrido,72.08,42.76,6.71,27,79.52,6.86,18,78.06,66.10,79.52,7.43,9
alexander-barboza-palmeiras-100,Alexander Barboza,Palmeiras,Combativo,Construtor,59.15,51.88,6.69,28,59.86,6.66,26,59.15,59.15,59.86,0.70,2
g-g-mez-palmeiras-27,G. Gómez,Palmeiras,Defensor de Área,Defensivo,44.19,57.61,6.64,29,37.70,6.59,31,29.10,59.29,37.70,-6.49,-2
sabino-s-o-paulo-97,Sabino,São Paulo,Defensor de Área,Híbrido,51.15,60.99,6.60,30,50.00,6.53,32,62.68,39.62,50.00,-1.15,-2
n-ferraresi-botafogo-117,N. Ferraresi,Botafogo,Defensor de Área,Híbrido,62.90,49.06,6.59,31,58.21,6.40,39,67.60,58.21,58.21,-4.69,-8
luan-peres-santos-118,Luan Peres,Santos,Defensor de Área,Defensivo,38.40,56.96,6.52,32,34.71,6.46,34,44.77,32.03,34.71,-3.69,-2
j-aguirre-athletico-paranaense-71,J. Aguirre,Athletico Paranaense,Defensor de Área,Defensivo,39.50,55.68,6.50,33,38.32,6.45,35,40.07,38.92,38.32,-1.17,-2
vitor-hugo-atl-tico-mineiro-328,Vitor Hugo,Atlético Mineiro,Combativo,Defensivo,39.70,59.36,6.47,34,40.63,6.41,37,51.86,27.55,40.63,0.93,-3
rafael-tol-i-s-o-paulo-348,Rafael Tolói,São Paulo,Defensor de Área,Construtor,59.82,51.74,6.47,34,59.32,6.41,37,51.22,68.42,59.32,-0.51,-3
kayky-almeida-remo-341,Kayky Almeida,Remo,Combativo,Híbrido,52.70,59.67,6.44,36,47.75,6.34,45,42.94,62.47,47.75,-4.96,-9
jemmes-fluminense-103,Jemmes,Fluminense,Combativo,Defensivo,18.21,55.35,6.42,37,16.15,6.38,40,17.43,19.00,16.15,-2.07,-3
camutanga-vit-ria-301,Camutanga,Vitória,Defensor de Área,Defensivo,28.49,57.49,6.42,37,23.56,6.37,42,24.49,32.49,23.56,-4.93,-5
gabriel-justino-botafogo-279,Gabriel Justino,Botafogo,Defensor de Área,Defensivo,26.12,56.38,6.39,39,25.38,6.35,43,27.38,24.86,25.38,-0.73,-4
bruno-fuchs-palmeiras-336,Bruno Fuchs,Palmeiras,Construtor,Construtor,56.94,44.34,6.38,40,50.93,6.17,48,40.01,73.86,50.93,-6.01,-8
jonathan-cruzeiro-145,Jonathan,Cruzeiro,Combativo,Defensivo,44.19,54.90,6.38,40,41.55,6.35,43,38.39,49.99,41.55,-2.64,-3
jo-o-marcelo-cruzeiro-365,João Marcelo,Cruzeiro,Defensor de Área,Construtor,57.38,31.53,6.37,42,59.02,6.38,40,64.20,50.56,59.02,1.64,2
andr-ramalho-corinthians-318,André Ramalho,Corinthians,Construtor,Construtor,55.20,54.11,6.37,42,72.23,6.83,21,84.02,26.38,72.23,17.04,21
alix-red-bull-bragantino-66,Alix,Red Bull Bragantino,Combativo,Híbrido,60.21,43.33,6.36,44,54.93,6.16,49,60.56,59.86,54.93,-5.28,-5
a-saldivia-vasco-da-gama-194,A. Saldivia,Vasco da Gama,Combativo,Híbrido,50.28,54.07,6.32,45,57.07,6.44,36,52.48,48.09,57.07,6.78,9
c-cuesta-vasco-da-gama-204,C. Cuesta,Vasco da Gama,Construtor,Construtor,53.47,35.19,6.28,46,61.33,6.62,29,73.59,33.35,61.33,7.86,17
murilo-palmeiras-24,Murilo,Palmeiras,Construtor,Híbrido,63.58,35.90,6.27,47,73.24,6.61,30,74.65,52.51,73.24,9.66,17
d-tchamba-remo-109,D. Tchamba,Remo,Defensor de Área,Defensivo,43.82,52.82,6.27,47,40.85,6.24,46,40.85,46.80,40.85,-2.98,1
i-rom-n-atl-tico-mineiro-363,I. Román,Atlético Mineiro,Combativo,Defensivo,30.26,51.39,6.18,49,27.01,6.16,49,23.06,37.46,27.01,-3.26,0
jo-o-paulo-chapecoense-338,João Paulo,Chapecoense,Construtor,Defensivo,64.15,44.63,6.10,50,62.61,6.08,51,55.22,73.07,62.61,-1.53,-1
marllon-remo-5,Marllon,Remo,Defensor de Área,Defensivo,32.25,50.09,6.07,51,28.10,6.06,53,43.10,21.41,28.10,-4.15,-2
gabriel-paulista-corinthians-43,Gabriel Paulista,Corinthians,Defensor de Área,Defensivo,41.49,49.27,6.05,52,40.95,6.04,54,49.27,33.72,40.95,-0.54,-2
victor-gabriel-internacional-124,Victor Gabriel,Internacional,Construtor,Híbrido,38.24,55.33,6.05,52,38.03,6.07,52,54.23,22.25,38.03,-0.21,0
maicon-coritiba-181,Maicon,Coritiba,Defensor de Área,Defensivo,49.84,45.75,6.00,54,45.91,5.96,57,27.04,72.64,45.91,-3.93,-3
lyanco-atl-tico-mineiro-295,Lyanco,Atlético Mineiro,Defensor de Área,Híbrido,48.33,36.28,5.97,55,49.45,5.99,55,49.76,46.90,49.45,1.12,0
victor-caetano-chapecoense-293,Victor Caetano,Chapecoense,Defensor de Área,Defensivo,56.38,41.85,5.96,56,45.42,5.90,58,35.77,76.99,45.42,-10.97,-2
gustavo-henrique-corinthians-29,Gustavo Henrique,Corinthians,Defensor de Área,Defensivo,40.33,47.44,5.93,57,44.86,5.97,56,35.40,45.25,44.86,4.53,1
l-esquivel-athletico-paranaense-96,L. Esquivel,Athletico Paranaense,Combativo,Híbrido,50.44,38.79,5.91,58,61.27,6.23,47,53.52,47.36,61.27,10.83,11
newton-s-o-paulo-370,Newton,São Paulo,Combativo,Defensivo,24.35,38.53,5.82,59,24.12,5.83,61,24.82,23.88,24.12,-0.23,-2
bastos-botafogo-337,Bastos,Botafogo,Combativo,Defensivo,66.45,33.44,5.80,60,71.61,5.84,60,66.72,66.17,71.61,5.16,0
lucas-ver-ssimo-santos-136,Lucas Veríssimo,Santos,Defensor de Área,Defensivo,25.22,44.33,5.79,61,24.15,5.80,62,26.95,23.48,24.15,-1.06,-1
lucas-oliveira-mirassol-343,Lucas Oliveira,Mirassol,Defensor de Área,Híbrido,39.84,31.49,5.78,62,40.59,5.80,62,44.36,35.31,40.59,0.75,0
bruno-leonardo-chapecoense-93,Bruno Leonardo,Chapecoense,Defensor de Área,Defensivo,47.55,41.92,5.76,63,40.51,5.73,65,36.52,58.58,40.51,-7.04,-2
viery-fiorentina-138,Viery,Fiorentina,Combativo,Construtor,38.73,61.52,5.75,64,40.85,5.86,59,42.96,34.51,40.85,2.11,5
vit-o-flamengo-322,Vitão,Flamengo,Defensor de Área,Híbrido,40.21,28.07,5.67,65,45.89,5.78,64,47.46,32.96,45.89,5.68,1
gustavo-marques-red-bull-bragantino-49,Gustavo Marques,Red Bull Bragantino,Defensor de Área,Híbrido,41.34,38.24,5.57,66,42.25,5.62,66,48.59,34.08,42.25,0.92,0
wagner-leonardo-gr-mio-270,Wagner Leonardo,Grêmio,Combativo,Defensivo,56.37,27.14,5.51,67,55.54,5.54,67,58.36,54.39,55.54,-0.83,0
tiago-c-ser-coritiba-98,Tiago Cóser,Coritiba,Defensor de Área,Híbrido,35.17,38.42,5.50,68,30.94,5.44,68,36.81,33.52,30.94,-4.23,0
c-ter-n-athletico-paranaense-186,C. Terán,Athletico Paranaense,Combativo,Defensivo,26.93,33.47,5.41,69,25.00,5.43,69,23.49,30.38,25.00,-1.93,0
cac-vit-ria-84,Cacá,Vitória,Defensor de Área,Híbrido,27.18,40.42,5.35,70,22.68,5.31,70,19.14,35.21,22.68,-4.50,0
a-franco-tigres-uanl-168,A. Franco,Tigres UANL,Combativo,Defensivo,41.73,18.77,5.08,71,39.65,5.13,71,41.88,41.59,39.65,-2.08,0
