player_id,Jogador,Equipe,duelos_def,duelos_ar,passes_prog,passes_long,eficiencia_def,rating_mean,rank
pedro-henrique-red-bull-bragantino-184,Pedro Henrique,Red Bull Bragantino,75.43,60.56,81.21,84.20,86.62,77.61,1
gabriel-xavier-shenzhen-peng-city-360,Gabriel Xavier,Shenzhen Peng City,57.75,82.34,41.47,68.23,92.54,68.46,2
willian-machado-mirassol-73,Willian Machado,Mirassol,46.66,83.10,60.56,70.49,69.44,66.05,3
fabricio-bruno-cruzeiro-15,Fabricio Bruno,Cruzeiro,42.47,85.92,70.42,77.46,34.51,62.16,4
david-duarte-bahia-87,David Duarte,Bahia,50.11,99.30,67.25,38.33,55.07,62.01,5
l-o-ortiz-flamengo-67,Léo Ortiz,Flamengo,40.58,57.75,73.24,97.18,40.99,61.95,6
f-torres-internacional-123,F. Torres,Internacional,82.67,35.21,51.99,52.02,82.96,60.97,7
jo-o-victor-mirassol-2,João Victor,Mirassol,30.03,83.80,60.56,68.37,61.27,60.81,8
eduardo-doma-chapecoense-31,Eduardo Doma,Chapecoense,52.71,28.87,49.30,90.85,75.63,59.47,9
j-nior-alonso-atlanta-united-214,Júnior Alonso,Atlanta United,86.85,52.82,50.65,28.23,77.04,59.12,10
z-ivaldo-remo-296,Zé Ivaldo,Remo,73.47,48.58,48.78,43.64,78.17,58.53,11
f-balbuena-gr-mio-306,F. Balbuena,Grêmio,52.88,42.37,72.78,58.20,60.70,57.39,12
sabino-s-o-paulo-97,Sabino,São Paulo,75.49,60.56,62.68,39.62,46.90,57.05,13
ign-cio-fluminense-238,Ignácio,Fluminense,81.96,60.56,32.04,41.05,68.87,56.90,14
kayky-almeida-remo-341,Kayky Almeida,Remo,63.41,63.07,42.94,62.47,52.54,56.89,15
ruan-tressoldi-atl-tico-mineiro-38,Ruan Tressoldi,Atlético Mineiro,78.87,29.58,48.89,41.20,85.21,56.75,16
l-o-pereira-flamengo-48,Léo Pereira,Flamengo,32.61,31.81,92.96,94.37,29.44,56.24,17
robert-renan-vasco-da-gama-8,Robert Renan,Vasco da Gama,62.68,40.85,85.21,38.73,49.72,55.44,18
rafael-tol-i-s-o-paulo-348,Rafael Tolói,São Paulo,57.97,66.96,51.22,68.42,30.28,54.97,19
alexander-barboza-palmeiras-100,Alexander Barboza,Palmeiras,59.86,65.49,59.15,59.15,30.28,54.79,20
n-ferraresi-botafogo-117,N. Ferraresi,Botafogo,33.10,50.00,67.60,58.21,64.08,54.60,21
andr-ramalho-corinthians-318,André Ramalho,Corinthians,32.90,87.89,84.02,26.38,41.55,54.55,22
gustavo-martins-gr-mio-146,Gustavo Martins,Grêmio,28.69,81.69,78.06,66.10,17.89,54.49,23
r-arboleda-s-o-paulo-304,R. Arboleda,São Paulo,56.34,78.11,31.00,39.35,65.21,54.00,24
gabriel-mercado-internacional-159,Gabriel Mercado,Internacional,83.29,17.21,59.02,66.28,43.24,53.81,25
a-fr-as-santos-253,A. Frías,Santos,83.28,61.08,22.54,21.62,79.01,53.51,26
luan-c-ndido-vit-ria-164,Luan Cândido,Vitória,43.65,79.90,35.92,37.82,66.90,52.84,27
a-saldivia-vasco-da-gama-194,A. Saldivia,Vasco da Gama,50.34,72.02,52.48,48.09,39.86,52.56,28
jo-o-paulo-chapecoense-338,João Paulo,Chapecoense,26.45,83.63,55.22,73.07,23.80,52.44,29
viery-fiorentina-138,Viery,Fiorentina,92.25,30.48,42.96,34.51,61.83,52.41,30
g-g-mez-palmeiras-27,G. Gómez,Palmeiras,64.08,59.86,29.10,59.29,48.87,52.24,31
vitor-hugo-atl-tico-mineiro-328,Vitor Hugo,Atlético Mineiro,47.13,64.31,51.86,27.55,66.62,51.49,32
j-freytes-fluminense-39,J. Freytes,Fluminense,61.27,35.21,51.41,69.01,39.86,51.35,33
bruno-gomes-internacional-16,Bruno Gomes,Internacional,64.08,13.38,81.69,56.34,40.42,51.18,34
jonathan-cruzeiro-145,Jonathan,Cruzeiro,60.67,31.77,38.39,49.99,72.25,50.61,35
alix-red-bull-bragantino-66,Alix,Red Bull Bragantino,28.17,54.93,60.56,59.86,46.90,50.08,36
arthur-dias-athletico-paranaense-20,Arthur Dias,Athletico Paranaense,42.60,15.89,56.34,90.85,42.68,49.67,37
jacy-coritiba-70,Jacy,Coritiba,59.86,50.70,27.82,28.82,80.70,49.58,38
luan-peres-santos-118,Luan Peres,Santos,46.30,60.50,44.77,32.03,64.08,49.54,39
bruno-fuchs-palmeiras-336,Bruno Fuchs,Palmeiras,56.14,28.30,40.01,73.86,48.59,49.38,40
d-tchamba-remo-109,D. Tchamba,Remo,31.54,35.21,40.85,46.80,91.69,49.22,41
j-aguirre-athletico-paranaense-71,J. Aguirre,Athletico Paranaense,45.77,66.20,40.07,38.92,55.07,49.21,42
victor-gabriel-internacional-124,Victor Gabriel,Internacional,64.17,49.30,54.23,22.25,52.54,48.50,43
victor-caetano-chapecoense-293,Victor Caetano,Chapecoense,41.86,58.19,35.77,76.99,25.49,47.66,44
maicon-coritiba-181,Maicon,Coritiba,27.86,39.40,27.04,72.64,70.00,47.39,45
murilo-palmeiras-24,Murilo,Palmeiras,20.11,58.45,74.65,52.51,29.15,46.97,46
bastos-botafogo-337,Bastos,Botafogo,66.23,20.71,66.72,66.17,13.38,46.64,47
gabriel-paulista-corinthians-43,Gabriel Paulista,Corinthians,39.22,71.83,49.27,33.72,36.76,46.16,48
camutanga-vit-ria-301,Camutanga,Vitória,48.67,50.70,24.49,32.49,73.10,45.89,49
l-villalba-cruzeiro-249,L. Villalba,Cruzeiro,40.93,16.17,57.49,89.35,22.11,45.21,50
gustavo-henrique-corinthians-29,Gustavo Henrique,Corinthians,57.38,64.79,35.40,45.25,20.14,44.59,51
gabriel-justino-botafogo-279,Gabriel Justino,Botafogo,66.18,24.51,27.38,24.86,78.45,44.27,52
bruno-leonardo-chapecoense-93,Bruno Leonardo,Chapecoense,24.21,54.93,36.52,58.58,46.62,44.17,53
l-esquivel-athletico-paranaense-96,L. Esquivel,Athletico Paranaense,56.34,28.06,53.52,47.36,31.97,43.45,54
s-ramos-mingo-bahia-14,S. Ramos Mingo,Bahia,19.79,33.10,78.87,47.18,37.32,43.25,55
marllon-remo-5,Marllon,Remo,66.90,24.65,43.10,21.41,58.73,42.96,56
i-rom-n-atl-tico-mineiro-363,I. Román,Atlético Mineiro,58.54,59.44,23.06,37.46,36.20,42.94,57
c-cuesta-vasco-da-gama-204,C. Cuesta,Vasco da Gama,42.62,50.13,73.59,33.35,12.82,42.50,58
jo-o-marcelo-cruzeiro-365,João Marcelo,Cruzeiro,23.46,57.47,64.20,50.56,13.66,41.87,59
lyanco-atl-tico-mineiro-295,Lyanco,Atlético Mineiro,34.28,36.68,49.76,46.90,37.89,41.10,60
jemmes-fluminense-103,Jemmes,Fluminense,79.43,35.21,17.43,19.00,51.41,40.50,61
gustavo-marques-red-bull-bragantino-49,Gustavo Marques,Red Bull Bragantino,27.27,21.13,48.59,34.08,66.34,39.48,62
wagner-leonardo-gr-mio-270,Wagner Leonardo,Grêmio,40.16,27.33,58.36,54.39,13.94,38.84,63
tiago-c-ser-coritiba-98,Tiago Cóser,Coritiba,20.20,43.66,36.81,33.52,51.41,37.12,64
lucas-ver-ssimo-santos-136,Lucas Veríssimo,Santos,23.00,49.30,26.95,23.48,60.70,36.69,65
cac-vit-ria-84,Cacá,Vitória,33.94,31.69,19.14,35.21,55.63,35.12,66
lucas-oliveira-mirassol-343,Lucas Oliveira,Mirassol,20.14,30.79,44.36,35.31,43.52,34.83,67
vit-o-flamengo-322,Vitão,Flamengo,20.42,49.02,47.46,32.96,14.79,32.93,68
newton-s-o-paulo-370,Newton,São Paulo,54.18,20.14,24.82,23.88,41.27,32.86,69
c-ter-n-athletico-paranaense-186,C. Terán,Athletico Paranaense,51.34,19.08,23.49,30.38,30.00,30.86,70
a-franco-tigres-uanl-168,A. Franco,Tigres UANL,23.37,17.61,41.88,41.59,15.35,27.96,71
